Simulation,S_b_init,R_b_init,S_res_init,R_res_init,N_init,S_res_base,R_res_base
1,1,1,65.06676052501416,22.554447458683764,4886.496990559848,65.06676052501416,22.554447458683764
2,1,1,38.053996848046985,56.80612190600297,4847.394543753622,38.053996848046985,56.80612190600297
3,1,1,10.496990541124216,83.39152856093507,5128.874940311994,10.496990541124216,83.39152856093507
4,1,1,79.38704619591049,54.44160367279517,5192.254570808246,79.38704619591049,54.44160367279517
5,1,1,90.330309864098,58.540801772408564,4912.243363265331,90.330309864098,58.540801772408564
6,1,1,96.62025654479001,32.66040662428277,4990.694260529229,96.62025654479001,32.66040662428277
7,1,1,18.12607930489675,85.17722460303142,4876.1829593586635,18.12607930489675,85.17722460303142
8,1,1,18.379249102530927,90.74941821579941,5023.079232316538,18.379249102530927,90.74941821579941
9,1,1,74.09612992127823,31.352417874712007,5144.824447375926,74.09612992127823,31.352417874712007
10,1,1,27.571868901824004,75.02069037353547,5340.021145823703,27.571868901824004,75.02069037353547
11,1,1,65.35065040292528,99.10484650938369,5007.27608980575,65.35065040292528,99.10484650938369
12,1,1,43.802465737594964,18.45837458567821,5094.871152561658,43.802465737594964,18.45837458567821
13,1,1,58.657160944909585,67.3686911348386,4746.857176667799,58.657160944909585,67.3686911348386
14,1,1,47.764005618501095,32.29578905510417,5129.058157568893,47.764005618501095,32.29578905510417
15,1,1,55.28226327220789,87.08408570694901,4877.311418619006,55.28226327220789,87.08408570694901
16,1,1,86.03877798725091,12.094474216224327,4938.374883167646,86.03877798725091,12.094474216224327
17,1,1,40.672318622771606,93.76815930432082,4972.789849596597,40.672318622771606,93.76815930432082
18,1,1,81.24211393532637,81.06563285150985,5098.957836745367,81.24211393532637,81.06563285150985
19,1,1,17.635394267667273,98.7975620651058,4818.989457312835,17.635394267667273,98.7975620651058
20,1,1,35.714087765367466,88.17392153705143,5050.213965262367,35.714087765367466,88.17392153705143
21,1,1,51.7328564445984,41.80170052234475,4905.108417305788,51.7328564445984,41.80170052234475
22,1,1,15.073794698583441,87.82501386295479,4925.078122130778,15.073794698583441,87.82501386295479
23,1,1,56.814715100079404,86.69633502866861,5257.593490610248,56.814715100079404,86.69633502866861
24,1,1,87.61273378720706,95.45685612918778,4827.487317723138,87.61273378720706,95.45685612918778
25,1,1,27.30601169278037,13.678175463983099,4933.717797703445,27.30601169278037,13.678175463983099
26,1,1,65.64292943772664,43.202227561279514,4712.259854408052,65.64292943772664,43.202227561279514
27,1,1,81.02541147466044,54.85979790361515,5009.671038455952,81.02541147466044,54.85979790361515
28,1,1,46.935714429069535,98.41407552177458,4896.13123544862,46.935714429069535,98.41407552177458
29,1,1,20.335314226528318,64.95580381974693,5079.824057347172,20.335314226528318,64.95580381974693
30,1,1,84.75574670089563,96.85242195998613,4974.619326744626,84.75574670089563,96.85242195998613
31,1,1,45.32005966803718,83.49394955244193,4745.234433102768,45.32005966803718,83.49394955244193
32,1,1,90.45033247458619,80.97374901020777,5283.836607225549,90.45033247458619,80.97374901020777
33,1,1,74.80328828914669,67.70328695967676,5051.679362902963,74.80328828914669,67.70328695967676
34,1,1,61.86595241501318,64.60435417445703,5058.933544641999,61.86595241501318,64.60435417445703
35,1,1,76.37511232987735,50.69961468008265,4967.5510810795495,76.37511232987735,50.69961468008265
36,1,1,28.462567643380645,27.16189485972999,4981.954948509508,28.462567643380645,27.16189485972999
37,1,1,12.284772009431038,24.053733762957133,5116.959799143433,12.284772009431038,24.053733762957133
38,1,1,11.170173115966243,17.695767776902127,4961.306695085751,11.170173115966243,17.695767776902127
39,1,1,78.72452147437848,22.61018581898073,4995.295662196894,78.72452147437848,22.61018581898073
40,1,1,34.66496986184854,59.87602022642141,4877.703402798121,34.66496986184854,59.87602022642141
41,1,1,35.98243630936299,42.01054448184542,4878.015843377833,35.98243630936299,42.01054448184542
42,1,1,32.17618299151961,83.71920859067798,5226.556069749616,32.17618299151961,83.71920859067798
43,1,1,32.470120797326736,54.04824672788264,5053.702277391573,32.470120797326736,54.04824672788264
44,1,1,40.58874673912595,75.22900943758853,4940.156422292065,40.58874673912595,75.22900943758853
45,1,1,47.922130204936316,76.38240714300024,4947.476647863018,47.922130204936316,76.38240714300024
46,1,1,64.69631153909732,56.141965991485776,5061.556408001019,64.69631153909732,56.141965991485776
47,1,1,18.233815365797938,88.97147763673424,4923.401413689452,18.233815365797938,88.97147763673424
48,1,1,84.22128693326343,41.30282871119738,4933.64140338496,84.22128693326343,41.30282871119738
49,1,1,24.46839064434774,83.6170321707156,5003.593102866852,24.46839064434774,83.6170321707156
50,1,1,37.086721025213464,73.73548797807534,5024.261249112288,37.086721025213464,73.73548797807534
51,1,1,17.414294105425842,71.24493718672417,4839.961950166138,17.414294105425842,71.24493718672417
52,1,1,79.38296601796468,86.03049053051988,5057.094152394223,79.38296601796468,86.03049053051988
53,1,1,11.045848591729058,16.5202199015103,4943.461710093866,11.045848591729058,16.5202199015103
54,1,1,12.98827979122299,17.072064743951866,4914.7519690002755,12.98827979122299,17.072064743951866
55,1,1,17.210336174620764,90.53349904544748,5164.674258204291,17.210336174620764,90.53349904544748
56,1,1,27.958820583623062,71.22054181881622,5015.003915839783,27.958820583623062,71.22054181881622
57,1,1,34.914501751154646,63.3115295734026,5184.567543715737,34.914501751154646,63.3115295734026
58,1,1,97.24710901017588,33.23200894310148,4860.041263171732,97.24710901017588,33.23200894310148
59,1,1,13.300428424018868,76.27618135590765,4959.795618597827,13.300428424018868,76.27618135590765
60,1,1,50.92658700704732,56.40364257213252,5043.311059487249,50.92658700704732,56.40364257213252
61,1,1,88.20144860308464,61.35487719749467,5138.190741619748,88.20144860308464,61.35487719749467
62,1,1,82.70613477471328,78.60566212989542,4846.549023107876,82.70613477471328,78.60566212989542
63,1,1,65.7541311408653,51.71446394205151,5122.720685873949,65.7541311408653,51.71446394205151
64,1,1,53.72845832676931,33.109891094845715,4964.915615391653,53.72845832676931,33.109891094845715
65,1,1,61.058099766601316,33.09065053312274,4997.5452751341645,61.058099766601316,33.09065053312274
66,1,1,84.03528866623105,48.13644282838865,5111.8655471180555,84.03528866623105,48.13644282838865
67,1,1,63.50287016675557,54.709017297325246,4899.540679003783,63.50287016675557,54.709017297325246
68,1,1,57.966200789620174,39.190037780383804,5104.191120201115,57.966200789620174,39.190037780383804
69,1,1,69.84205520384963,81.59049647107562,4863.460904415928,69.84205520384963,81.59049647107562
70,1,1,64.05349000245556,56.4111484926848,4730.888675880939,64.05349000245556,56.4111484926848
71,1,1,67.68748696107988,84.02325072709249,4996.8716301568575,67.68748696107988,84.02325072709249
72,1,1,67.67436832211857,29.443436425863965,4981.989055534798,67.67436832211857,29.443436425863965
73,1,1,57.433731752048644,48.347504550133436,4829.140162698072,57.433731752048644,48.347504550133436
74,1,1,18.827432270582015,53.94170233196004,4980.1838033716285,18.827432270582015,53.94170233196004
75,1,1,69.34185299852044,90.56059666358827,5162.71766117485,69.34185299852044,90.56059666358827
76,1,1,33.85417854925036,11.885046492782154,5089.869163833133,33.85417854925036,11.885046492782154
77,1,1,83.05928092811239,69.08307465983523,4954.380908807139,83.05928092811239,69.08307465983523
78,1,1,79.88027018497522,69.05456539129644,5091.859723256227,79.88027018497522,69.05456539129644
79,1,1,67.26622185813233,78.50093833388422,4982.693002002028,67.26622185813233,78.50093833388422
80,1,1,39.42384547042712,23.39992452992002,5052.441555488378,39.42384547042712,23.39992452992002
81,1,1,60.459408497455385,64.31388999368093,5128.007815726432,60.459408497455385,64.31388999368093
82,1,1,63.840276465736494,76.20968028152708,4984.78156145209,63.840276465736494,76.20968028152708
83,1,1,33.336708297919635,48.66911314650416,5064.200013321215,33.336708297919635,48.66911314650416
84,1,1,91.5629122468933,32.45915798645555,4896.639955745018,91.5629122468933,32.45915798645555
85,1,1,27.82878694837661,60.879722911444894,5058.303747804191,27.82878694837661,60.879722911444894
86,1,1,24.91970861469482,95.11283323002542,4634.831189563174,24.91970861469482,95.11283323002542
87,1,1,28.43931467356413,89.00470703368367,4963.523591385557,28.43931467356413,89.00470703368367
88,1,1,92.3581061566339,57.9725980521526,5160.127045216889,92.3581061566339,57.9725980521526
89,1,1,89.37349824741796,48.474071912855365,5148.423256445594,89.37349824741796,48.474071912855365
90,1,1,40.16872426337855,25.63854338221694,4997.14149221264,40.16872426337855,25.63854338221694
91,1,1,70.85598058678906,39.25936138885291,4941.922837837701,70.85598058678906,39.25936138885291
92,1,1,33.42581718094027,91.64755276352469,5138.712480244528,33.42581718094027,91.64755276352469
93,1,1,77.85657132371055,82.44160991572947,4883.070162244426,77.85657132371055,82.44160991572947
94,1,1,81.51204508301713,13.120324005383498,4978.897284601248,81.51204508301713,13.120324005383498
95,1,1,64.63806208468786,66.81767977827899,5204.995566171424,64.63806208468786,66.81767977827899
96,1,1,22.60216877979859,34.91328770121752,4995.370400368948,22.60216877979859,34.91328770121752
97,1,1,20.245455412894128,41.07008285215229,5134.500892324825,20.245455412894128,41.07008285215229
98,1,1,51.06128580599878,43.214771958482494,4888.600971823089,51.06128580599878,43.214771958482494
99,1,1,75.15757499194844,20.850257476332125,4857.034224084918,75.15757499194844,20.850257476332125
100,1,1,37.568214890039144,81.0086643928714,5114.894271701251,37.568214890039144,81.0086643928714
101,1,1,90.10873316654275,41.128971466407165,5163.7885932649515,90.10873316654275,41.128971466407165
102,1,1,44.57860416872202,13.509641131742043,5000.802783726367,44.57860416872202,13.509641131742043
103,1,1,59.834033682221005,58.75343311690036,5079.756387680095,59.834033682221005,58.75343311690036
104,1,1,65.85944318421257,28.118089704018992,5244.793431777574,65.85944318421257,28.118089704018992
105,1,1,53.506669237583196,87.71927702630906,4778.37094147414,53.506669237583196,87.71927702630906
106,1,1,86.85657702598799,49.52348349703735,4981.090839543311,86.85657702598799,49.52348349703735
107,1,1,36.51574567115738,11.288374990035399,5090.6369733559995,36.51574567115738,11.288374990035399
108,1,1,82.74116890082999,95.29192233680237,4961.50480879512,82.74116890082999,95.29192233680237
109,1,1,98.1083003657328,64.31437864390408,5170.082324479831,98.1083003657328,64.31437864390408
110,1,1,35.5846683634765,22.044552669972383,4778.86551188886,35.5846683634765,22.044552669972383
111,1,1,81.00392245984065,90.26849303296612,5106.362245270997,81.00392245984065,90.26849303296612
112,1,1,14.336741115396661,42.40454193108805,5150.485554646102,14.336741115396661,42.40454193108805
113,1,1,29.41666112588087,71.00318802790397,4805.780154247992,29.41666112588087,71.00318802790397
114,1,1,11.322404978945846,44.11846438047426,4935.848304191052,11.322404978945846,44.11846438047426
115,1,1,21.2995193286388,11.525289840062289,5084.107654495852,21.2995193286388,11.525289840062289
116,1,1,77.26999659370246,52.64288455581519,4794.601398605729,77.26999659370246,52.64288455581519
117,1,1,92.57372588187911,36.145405510427835,5123.416814573638,92.57372588187911,36.145405510427835
118,1,1,14.498112579371085,85.92846976466413,4966.668458845698,14.498112579371085,85.92846976466413
119,1,1,69.99404311419573,24.64297694277093,5185.514503566996,69.99404311419573,24.64297694277093
120,1,1,99.39295138806676,14.042016909605426,4977.346978347737,99.39295138806676,14.042016909605426
121,1,1,95.54132535177662,62.34600636902742,5247.055073064435,95.54132535177662,62.34600636902742
122,1,1,82.97907229071266,85.22433351194644,5024.868518349562,82.97907229071266,85.22433351194644
123,1,1,76.77066942628436,86.35828411814722,4784.274158901176,76.77066942628436,86.35828411814722
124,1,1,95.69996071278352,13.818006838620253,5175.199824118304,95.69996071278352,13.818006838620253
125,1,1,75.60829554902348,87.55218134086107,5104.867562558701,75.60829554902348,87.55218134086107
126,1,1,73.43839090390435,83.54153278140267,4955.371349899174,73.43839090390435,83.54153278140267
127,1,1,32.54211089132491,66.23866896462991,5151.4929981733,32.54211089132491,66.23866896462991
128,1,1,95.0003724424873,67.75609575687024,4931.464087938675,95.0003724424873,67.75609575687024
129,1,1,48.0455773204539,41.18717511574464,4812.93384311374,48.0455773204539,41.18717511574464
130,1,1,73.59668828908386,64.90066753715371,4856.4670889059225,73.59668828908386,64.90066753715371
131,1,1,45.913178587819125,85.5821445997984,5070.5757407367,45.913178587819125,85.5821445997984
132,1,1,76.48508356539097,11.237099861021072,4970.69902496046,76.48508356539097,11.237099861021072
133,1,1,76.85933443011452,76.41256540186228,4904.5892369776775,76.85933443011452,76.41256540186228
134,1,1,94.2652559322034,15.760571194775883,4904.167926527081,94.2652559322034,15.760571194775883
135,1,1,83.27131170320456,71.66208788870357,4958.586452102085,83.27131170320456,71.66208788870357
136,1,1,59.80340707747946,55.28192252963861,4893.5741957174605,59.80340707747946,55.28192252963861
137,1,1,56.34400149219335,24.522652094984533,4911.3025181563535,56.34400149219335,24.522652094984533
138,1,1,88.34742696424458,66.82770290965388,5000.421938324645,88.34742696424458,66.82770290965388
139,1,1,66.55838109531284,71.9768466377088,5035.079550561267,66.55838109531284,71.9768466377088
140,1,1,97.1259230845683,15.990825512280058,4719.138833251925,97.1259230845683,15.990825512280058
141,1,1,53.559043136177245,10.478212810151135,5074.849298695239,53.559043136177245,10.478212810151135
142,1,1,91.74056398302906,78.28437890475287,5057.898099408448,91.74056398302906,78.28437890475287
143,1,1,26.912834273379072,16.927450244278667,4886.530477481635,26.912834273379072,16.927450244278667
144,1,1,83.34457556864852,80.02227188301879,4845.934585653937,83.34457556864852,80.02227188301879
145,1,1,32.41078624981809,61.903215897198066,5094.598584998373,32.41078624981809,61.903215897198066
146,1,1,62.285534189936136,99.16112413591893,5130.636059260594,62.285534189936136,99.16112413591893
147,1,1,94.75227879922275,25.062132901310292,5245.323398816349,94.75227879922275,25.062132901310292
148,1,1,96.48281322359422,58.23415709669064,5057.911066264764,96.48281322359422,58.23415709669064
149,1,1,87.66971482229849,89.74840917818874,5078.691198027726,87.66971482229849,89.74840917818874
150,1,1,97.57691181210684,78.33632562266263,4969.8128192661525,97.57691181210684,78.33632562266263
151,1,1,87.8193029672326,23.94327800290984,4996.070103703153,87.8193029672326,23.94327800290984
152,1,1,51.25882817182942,75.25054686692069,4920.555269824449,51.25882817182942,75.25054686692069
153,1,1,46.61243208565512,39.54097951105055,5195.361096063525,46.61243208565512,39.54097951105055
154,1,1,84.31398564046003,35.71368108948013,4932.609662106378,84.31398564046003,35.71368108948013
155,1,1,10.05880516851696,88.36021307129658,5066.852167043239,10.05880516851696,88.36021307129658
156,1,1,63.72196214919905,99.96019329253947,4937.5337279810465,63.72196214919905,99.96019329253947
157,1,1,31.373070107703175,14.46529360049537,4928.770883970155,31.373070107703175,14.46529360049537
158,1,1,79.77196466514543,31.098304001036322,5161.983972732877,79.77196466514543,31.098304001036322
159,1,1,49.85183228893637,33.49436736113633,5124.571313822431,49.85183228893637,33.49436736113633
160,1,1,90.60065633186548,91.82577376482271,4970.430589097632,90.60065633186548,91.82577376482271
161,1,1,24.796497617099085,20.492476710012703,5113.92034027184,24.796497617099085,20.492476710012703
162,1,1,12.919910144246828,69.28458748543198,5075.26479004906,12.919910144246828,69.28458748543198
163,1,1,83.86265446901014,52.96153583101612,4839.104553926969,83.86265446901014,52.96153583101612
164,1,1,52.803657263980746,46.6973294502459,5004.30512646323,52.803657263980746,46.6973294502459
165,1,1,83.32039042389903,65.06479180928993,4828.540787846192,83.32039042389903,65.06479180928993
166,1,1,96.23062080274904,29.840140382087704,5002.30020384793,96.23062080274904,29.840140382087704
167,1,1,92.35546592655001,32.605234079356116,4992.926438887513,92.35546592655001,32.605234079356116
168,1,1,71.9241001366716,20.83488209101801,5133.826319997398,71.9241001366716,20.83488209101801
169,1,1,12.133697828006653,85.14524851249634,5061.400958176499,12.133697828006653,85.14524851249634
170,1,1,43.72497734566388,59.48817064985847,4966.54486363765,43.72497734566388,59.48817064985847
171,1,1,61.47962904552335,82.48890963699877,4924.187076473033,61.47962904552335,82.48890963699877
172,1,1,70.51454589625334,84.34582160934569,4937.324731639295,70.51454589625334,84.34582160934569
173,1,1,39.72562007518759,60.780863501608245,4953.46011838276,39.72562007518759,60.780863501608245
174,1,1,48.615613237239934,34.83304249424921,5222.724863596382,48.615613237239934,34.83304249424921
175,1,1,59.333068245521986,25.71824673066966,5125.9304966494,59.333068245521986,25.71824673066966
176,1,1,71.16698641556292,95.13321796288778,5132.264790635893,71.16698641556292,95.13321796288778
177,1,1,75.60452800946415,80.18387956090613,4885.465737429535,75.60452800946415,80.18387956090613
178,1,1,88.62566758634938,99.6012010441619,4689.023917933115,88.62566758634938,99.6012010441619
179,1,1,54.99630927683096,75.7224270576614,4852.2657343224,54.99630927683096,75.7224270576614
180,1,1,72.03793708924212,32.70807343627184,4926.341043526337,72.03793708924212,32.70807343627184
181,1,1,78.0628412280191,50.876529646303545,5084.86641125741,78.0628412280191,50.876529646303545
182,1,1,68.34101219270615,15.530166111770875,5244.157392190821,68.34101219270615,15.530166111770875
183,1,1,41.09327683511012,82.27106933736884,4897.9728444322545,41.09327683511012,82.27106933736884
184,1,1,21.19112572877833,88.76202567590369,4987.644349845087,21.19112572877833,88.76202567590369
185,1,1,49.831961133953385,14.352643994390277,5053.230457328728,49.831961133953385,14.352643994390277
186,1,1,15.362838761782935,64.3923387743294,5036.5894352677315,15.362838761782935,64.3923387743294
187,1,1,23.07940231784537,55.51270694032366,5211.965359726358,23.07940231784537,55.51270694032366
188,1,1,16.90822556998642,10.376869926516207,4736.79413226996,16.90822556998642,10.376869926516207
189,1,1,70.97912246653982,59.22359883869292,5101.937627805532,70.97912246653982,59.22359883869292
190,1,1,84.9350595993518,82.37490084854957,4781.545436271467,84.9350595993518,82.37490084854957
191,1,1,24.531205065781606,52.45658537665952,5261.980437726145,24.531205065781606,52.45658537665952
192,1,1,63.93693583057498,56.23370696937744,4804.017571829318,63.93693583057498,56.23370696937744
193,1,1,82.91449809637322,48.67060270196332,5040.098215741586,82.91449809637322,48.67060270196332
194,1,1,11.24759223215741,68.44409382129601,4950.47129023728,11.24759223215741,68.44409382129601
195,1,1,78.40049904658886,38.13382224174701,4831.3029735560585,78.40049904658886,38.13382224174701
196,1,1,77.06932684217512,30.90022218112088,4881.513410341377,77.06932684217512,30.90022218112088
197,1,1,32.36858388346834,38.52483595905532,5032.332643481924,32.36858388346834,38.52483595905532
198,1,1,22.357002944401323,95.71480771588521,5039.047276308322,22.357002944401323,95.71480771588521
199,1,1,44.505742695243306,25.145072965694155,5022.336839601309,44.505742695243306,25.145072965694155
200,1,1,14.24770315276411,96.52749576778446,4972.159912402924,14.24770315276411,96.52749576778446
201,1,1,55.49687125511413,55.69820543697119,4977.318866344061,55.49687125511413,55.69820543697119
202,1,1,41.05151559321095,14.92594362324873,4984.74285848484,41.05151559321095,14.92594362324873
203,1,1,40.71200047819485,49.97650661905299,5012.929766163514,40.71200047819485,49.97650661905299
204,1,1,16.136795778891642,26.841184336945155,4905.037110314964,16.136795778891642,26.841184336945155
205,1,1,17.007086764789264,95.99033722942607,5073.270725049098,17.007086764789264,95.99033722942607
206,1,1,81.67965053711296,76.55223099148546,4753.936973320243,81.67965053711296,76.55223099148546
207,1,1,66.49019894429279,27.281447626603306,5147.736386619995,66.49019894429279,27.281447626603306
208,1,1,42.62517860783618,84.15978866919805,5103.5287112730775,42.62517860783618,84.15978866919805
209,1,1,21.09227123192963,37.69111805301537,5039.94058384787,21.09227123192963,37.69111805301537
210,1,1,96.53956589238096,50.03671895447867,4888.710268997516,96.53956589238096,50.03671895447867
211,1,1,46.16886441130656,70.63806068056809,5201.847348838732,46.16886441130656,70.63806068056809
212,1,1,32.6955589745977,50.205382183237646,5028.029343066912,32.6955589745977,50.205382183237646
213,1,1,83.41708425635088,63.75811404976407,4925.378214159866,83.41708425635088,63.75811404976407
214,1,1,70.02347027128127,49.18566910597763,5023.302021218005,70.02347027128127,49.18566910597763
215,1,1,27.282103222271008,70.00170867032617,5170.320356589056,27.282103222271008,70.00170867032617
216,1,1,92.84822965922992,11.08027245454143,4959.96277443292,92.84822965922992,11.08027245454143
217,1,1,13.281494574305661,14.746955694599565,4990.116582266931,13.281494574305661,14.746955694599565
218,1,1,51.00845944958897,53.38156057992393,4822.971618025919,51.00845944958897,53.38156057992393
219,1,1,64.28917558895539,17.174356586855648,5057.533953122788,64.28917558895539,17.174356586855648
220,1,1,26.564029484519217,78.08059791900206,5131.748221397859,26.564029484519217,78.08059791900206
221,1,1,44.917547895809776,84.66092482855318,4862.672446852774,44.917547895809776,84.66092482855318
222,1,1,88.25803046334818,26.259178718017285,5169.5729232284975,88.25803046334818,26.259178718017285
223,1,1,69.82652844197617,47.74012123773595,4908.099870654594,69.82652844197617,47.74012123773595
224,1,1,44.74458420866522,97.00355260166145,4671.158732896367,44.74458420866522,97.00355260166145
225,1,1,87.207200516574,37.441281194655716,4962.827990094612,87.207200516574,37.441281194655716
226,1,1,13.542569183775655,11.966204078758162,4926.886543322778,13.542569183775655,11.966204078758162
227,1,1,35.08248843356732,96.2984685871369,5030.457152962839,35.08248843356732,96.2984685871369
228,1,1,75.98443403231197,99.58793616329105,4939.779253613316,75.98443403231197,99.58793616329105
229,1,1,44.60642323356399,41.226305533982725,5179.385924902779,44.60642323356399,41.226305533982725
230,1,1,88.11816640578127,62.47951815519082,4863.546853480112,88.11816640578127,62.47951815519082
231,1,1,41.81258728546486,38.40698938304371,4747.275170004757,41.81258728546486,38.40698938304371
232,1,1,12.731842497970383,85.94315772924755,4946.21133500567,12.731842497970383,85.94315772924755
233,1,1,16.12335826825027,38.52137239485623,5005.5448496894505,16.12335826825027,38.52137239485623
234,1,1,50.16937239879051,75.43166743127206,5112.566634666449,50.16937239879051,75.43166743127206
235,1,1,30.95727011884848,54.28015564888745,4882.450135439456,30.95727011884848,54.28015564888745
236,1,1,57.58365878956474,13.09391725165527,5262.242417391554,57.58365878956474,13.09391725165527
237,1,1,20.115732445841168,14.437808839884221,4924.065964047461,20.115732445841168,14.437808839884221
238,1,1,68.2607920935782,21.55149339532253,5133.991233151474,68.2607920935782,21.55149339532253
239,1,1,41.97555768132303,71.42605571045802,5156.925451182487,41.97555768132303,71.42605571045802
240,1,1,59.55135710872278,27.324383557224436,5062.517879139235,59.55135710872278,27.324383557224436
241,1,1,63.671184774709836,34.67916002117323,5148.574602885876,63.671184774709836,34.67916002117323
242,1,1,67.64025465939275,38.274585745327485,5094.570584364143,67.64025465939275,38.274585745327485
243,1,1,77.93447125260981,37.85163188015641,4728.790322784287,77.93447125260981,37.85163188015641
244,1,1,81.60205386318277,22.724519879470616,4885.898635087936,81.60205386318277,22.724519879470616
245,1,1,70.68642163300223,98.19599026224506,5092.807364199078,70.68642163300223,98.19599026224506
246,1,1,33.14371159981863,74.74493400173382,5104.918639278951,33.14371159981863,74.74493400173382
247,1,1,22.217126778991094,97.96943657836111,4925.44857400389,22.217126778991094,97.96943657836111
248,1,1,25.65673353130048,42.50944530782306,5114.864356832291,25.65673353130048,42.50944530782306
249,1,1,18.420346622110202,11.500439553966979,4956.854411818776,18.420346622110202,11.500439553966979
250,1,1,83.1827804033553,62.95881164081071,5096.474522154458,83.1827804033553,62.95881164081071
251,1,1,82.07362898737753,50.601706281805725,5079.665585377884,82.07362898737753,50.601706281805725
252,1,1,29.842343289943287,24.810945258640142,4964.597745131846,29.842343289943287,24.810945258640142
253,1,1,17.076403989078223,39.782328920217566,5183.879336352138,17.076403989078223,39.782328920217566
254,1,1,37.802595055938944,43.185263992376136,4941.358643223699,37.802595055938944,43.185263992376136
255,1,1,68.0635074970813,11.527221638391982,5090.353361873189,68.0635074970813,11.527221638391982
256,1,1,24.148349520125883,96.61042517330861,5119.729953888534,24.148349520125883,96.61042517330861
257,1,1,87.05382597951943,18.93138984277129,4970.510433835984,87.05382597951943,18.93138984277129
258,1,1,19.521686824551907,55.55258674251799,5099.587740883842,19.521686824551907,55.55258674251799
259,1,1,53.78344891591806,40.064099357796366,4966.799429964237,53.78344891591806,40.064099357796366
260,1,1,73.83665144266912,11.903484101447466,5081.541292272085,73.83665144266912,11.903484101447466
261,1,1,27.638216623158574,94.93897439908129,4992.168972234772,27.638216623158574,94.93897439908129
262,1,1,11.622610806302102,19.209896158065682,5009.461867500637,11.622610806302102,19.209896158065682
263,1,1,22.245061098847863,85.24710107157529,4940.5255694993875,22.245061098847863,85.24710107157529
264,1,1,20.46985544199351,97.3105197776589,5054.027086344907,20.46985544199351,97.3105197776589
265,1,1,54.686388000754434,21.0986641967763,4788.936851491438,54.686388000754434,21.0986641967763
266,1,1,59.86893523562435,25.704863775815966,5019.746789031431,59.86893523562435,25.704863775815966
267,1,1,65.76243335443782,69.71413106158391,4942.52942302119,65.76243335443782,69.71413106158391
268,1,1,78.59687600746739,74.22466296371243,5156.641603096031,78.59687600746739,74.22466296371243
269,1,1,53.67400681083594,80.01184660736831,4873.943908431581,53.67400681083594,80.01184660736831
270,1,1,59.11747118014921,42.348144414773536,5299.013704409249,59.11747118014921,42.348144414773536
271,1,1,47.593771027567826,16.57765819235352,5199.790225955129,47.593771027567826,16.57765819235352
272,1,1,55.334749113096066,84.71825959111858,4944.9675994517,55.334749113096066,84.71825959111858
273,1,1,99.15784634549611,35.01020133889804,4740.689206122961,99.15784634549611,35.01020133889804
274,1,1,44.69972513425024,92.3874581320033,4832.366910837304,44.69972513425024,92.3874581320033
275,1,1,21.352389221453684,57.65802535202117,5119.536875261419,21.352389221453684,57.65802535202117
276,1,1,68.27678160131468,97.2049957456862,5062.710630646098,68.27678160131468,97.2049957456862
277,1,1,46.9734756010685,29.59298189715092,4967.797439311125,46.9734756010685,29.59298189715092
278,1,1,81.32857908592031,26.821656680510635,4917.6200906389195,81.32857908592031,26.821656680510635
279,1,1,22.999283573956983,49.785959180626755,5034.126339686798,22.999283573956983,49.785959180626755
280,1,1,60.58997943609066,10.527825509844517,4768.372689637804,60.58997943609066,10.527825509844517
281,1,1,44.56171665684624,86.89595619931121,4894.195712317628,44.56171665684624,86.89595619931121
282,1,1,32.30311986162162,13.27066734846182,5063.035981673034,32.30311986162162,13.27066734846182
283,1,1,47.081596505649074,22.455782737131212,5038.479046564235,47.081596505649074,22.455782737131212
284,1,1,31.54328527078417,47.61716572124983,4932.678290837922,31.54328527078417,47.61716572124983
285,1,1,59.97662427953632,57.48216601828153,4850.034341863723,59.97662427953632,57.48216601828153
286,1,1,61.409162597636545,77.08579652273856,5113.802312460696,61.409162597636545,77.08579652273856
287,1,1,30.76611311863484,36.207680949696176,4965.948747924539,30.76611311863484,36.207680949696176
288,1,1,99.35489185137779,46.71048131021714,5027.225292468591,99.35489185137779,46.71048131021714
289,1,1,76.31151118391773,50.80746075618413,4965.649711905914,76.31151118391773,50.80746075618413
290,1,1,15.138917060065873,19.948884967772248,4884.055833648534,15.138917060065873,19.948884967772248
291,1,1,27.751839955031514,29.218373009555624,4886.403791149003,27.751839955031514,29.218373009555624
292,1,1,45.35551688332621,26.16860961598077,5038.936357349724,45.35551688332621,26.16860961598077
293,1,1,94.88762647241056,93.85582822784421,4928.710741526692,94.88762647241056,93.85582822784421
294,1,1,86.6340263481892,53.47596206739724,4923.3770910911635,86.6340263481892,53.47596206739724
295,1,1,72.82634917630614,67.43259122646424,4921.418211865679,72.82634917630614,67.43259122646424
296,1,1,89.42455945613229,11.810954966776663,4937.475272863,89.42455945613229,11.810954966776663
297,1,1,85.82990513186631,42.59634425147364,4952.655020424613,85.82990513186631,42.59634425147364
298,1,1,93.56569767494007,62.17634034457948,4982.280305746558,93.56569767494007,62.17634034457948
299,1,1,31.72147334537499,17.068261851351885,5161.507541790816,31.72147334537499,17.068261851351885
300,1,1,80.55746654550305,45.53265545904304,5058.622259768558,80.55746654550305,45.53265545904304
301,1,1,70.93844063052799,80.06642920554971,5034.139804286706,70.93844063052799,80.06642920554971
302,1,1,48.94903735373743,53.576604849033714,4909.504408691527,48.94903735373743,53.576604849033714
303,1,1,74.83000322493938,92.64565318419619,4841.131034863464,74.83000322493938,92.64565318419619
304,1,1,53.7798148427687,76.46851355283168,5059.5813801000695,53.7798148427687,76.46851355283168
305,1,1,56.64915307358411,51.562583340581675,5095.063264948018,56.64915307358411,51.562583340581675
306,1,1,99.25175263534621,79.33940225131033,4884.698376894506,99.25175263534621,79.33940225131033
307,1,1,21.797187553423278,78.95413914245002,4881.101953701505,21.797187553423278,78.95413914245002
308,1,1,90.55766554896832,97.48481271611394,4906.8540287103315,90.55766554896832,97.48481271611394
309,1,1,24.661238902965465,83.11722918615105,5056.311965472254,24.661238902965465,83.11722918615105
310,1,1,37.131056776960115,18.51007102969494,4976.194226758848,37.131056776960115,18.51007102969494
311,1,1,42.770895115735485,67.54477793086882,4975.526841128927,42.770895115735485,67.54477793086882
312,1,1,16.120920875717847,27.441021702101935,4979.469751870996,16.120920875717847,27.441021702101935
313,1,1,56.13185943317905,34.099688314370574,4796.806995804743,56.13185943317905,34.099688314370574
314,1,1,54.392274372338726,62.12168236315442,4954.873847093429,54.392274372338726,62.12168236315442
315,1,1,68.48775295323175,12.222756791750015,5020.07367914647,68.48775295323175,12.222756791750015
316,1,1,53.6730043732517,58.906526697843766,4931.85171940921,53.6730043732517,58.906526697843766
317,1,1,27.410250521074374,28.93348733768522,4917.858129715243,27.410250521074374,28.93348733768522
318,1,1,88.42002331062542,99.9014229786769,4812.440431354625,88.42002331062542,99.9014229786769
319,1,1,45.84252113770715,54.74505526459171,4981.004077210495,45.84252113770715,54.74505526459171
320,1,1,58.85903191247247,84.96042353985065,4862.619406055641,58.85903191247247,84.96042353985065
321,1,1,62.68378805118607,59.28544905883724,4834.890205577835,62.68378805118607,59.28544905883724
322,1,1,69.57728555055706,51.83693027319436,5075.322533497292,69.57728555055706,51.83693027319436
323,1,1,10.75192337549247,25.173914359063318,5206.663704647316,10.75192337549247,25.173914359063318
324,1,1,62.220567897922756,91.36314878091034,5064.8491271814655,62.220567897922756,91.36314878091034
325,1,1,87.49300599750164,60.92767662036576,5059.875392924095,87.49300599750164,60.92767662036576
326,1,1,24.824597224868285,72.02290212823038,4946.896081559295,24.824597224868285,72.02290212823038
327,1,1,67.85218451458742,72.35210787669179,4954.608544147865,67.85218451458742,72.35210787669179
328,1,1,16.512153196719396,89.29946335209092,4937.830703573239,16.512153196719396,89.29946335209092
329,1,1,31.336335205676026,50.254567134140984,5033.031845450917,31.336335205676026,50.254567134140984
330,1,1,51.70519079241816,63.94874878248595,5132.856711629152,51.70519079241816,63.94874878248595
331,1,1,45.23833896414663,74.1989556551145,5146.476267909231,45.23833896414663,74.1989556551145
332,1,1,40.7741044217254,93.1796591358394,5085.415563939511,40.7741044217254,93.1796591358394
333,1,1,41.89815927886475,44.3032193831262,5197.429736461858,41.89815927886475,44.3032193831262
334,1,1,61.148723597013294,49.55570024027966,4961.81941219479,61.148723597013294,49.55570024027966
335,1,1,14.979914844701149,27.831766764121934,4930.967343485924,14.979914844701149,27.831766764121934
336,1,1,82.14783308482305,49.73806093410072,4850.416800964451,82.14783308482305,49.73806093410072
337,1,1,58.374437830591106,14.436969616825294,4905.50616166351,58.374437830591106,14.436969616825294
338,1,1,42.716301163234,67.69054515886312,4724.338203405512,42.716301163234,67.69054515886312
339,1,1,63.84754681264169,12.787354308025911,5113.776972958093,63.84754681264169,12.787354308025911
340,1,1,68.92981761558343,30.558326707757814,5054.529463100132,68.92981761558343,30.558326707757814
341,1,1,67.30236229221475,29.91140378260153,5137.666270611194,67.30236229221475,29.91140378260153
342,1,1,32.10684166439331,19.835150083134394,4830.228134815301,32.10684166439331,19.835150083134394
343,1,1,53.2583225481168,59.66458601807516,4830.78066566128,53.2583225481168,59.66458601807516
344,1,1,29.242108959645954,19.496228176108097,4946.649475633093,29.242108959645954,19.496228176108097
345,1,1,76.80792209803519,79.33706083617794,4757.267667577575,76.80792209803519,79.33706083617794
346,1,1,71.33145512654542,15.718215018152673,5038.306357870418,71.33145512654542,15.718215018152673
347,1,1,74.08071650783464,44.646285037380146,5169.100066862091,74.08071650783464,44.646285037380146
348,1,1,13.629271574885564,18.529162393113456,4887.746596709443,13.629271574885564,18.529162393113456
349,1,1,94.3254328517826,43.952678714412585,4849.030075932081,94.3254328517826,43.952678714412585
350,1,1,42.35888300680031,21.32221027114462,4746.540341041144,42.35888300680031,21.32221027114462
351,1,1,39.9655222266136,70.24708578282791,5054.822411365126,39.9655222266136,70.24708578282791
352,1,1,45.82784604126078,12.380221233790072,5042.419476594528,45.82784604126078,12.380221233790072
353,1,1,13.629714494636168,28.102288833133954,4935.4232251549865,13.629714494636168,28.102288833133954
354,1,1,15.850071005399965,84.27775621806842,4824.641730349018,15.850071005399965,84.27775621806842
355,1,1,97.12652526187105,77.76875737352667,5267.875881823114,97.12652526187105,77.76875737352667
356,1,1,24.069829455355475,49.33303529047937,5033.647615031895,24.069829455355475,49.33303529047937
357,1,1,64.54135022314989,18.06685959741561,5085.217926101893,64.54135022314989,18.06685959741561
358,1,1,78.46343254395055,23.487651899789647,5181.929310489416,78.46343254395055,23.487651899789647
359,1,1,26.16933601269208,72.01981733381416,5138.278944857496,26.16933601269208,72.01981733381416
360,1,1,49.923973118636845,25.399223057206168,4884.492149082367,49.923973118636845,25.399223057206168
361,1,1,26.72488500088083,98.01940813644111,5002.015598487559,26.72488500088083,98.01940813644111
362,1,1,50.70911298708664,48.19501162652593,4981.643309843087,50.70911298708664,48.19501162652593
363,1,1,82.3835038940605,69.32399901401209,5041.671231407609,82.3835038940605,69.32399901401209
364,1,1,92.7134449325804,90.99185890192047,4871.509529373658,92.7134449325804,90.99185890192047
365,1,1,88.62177751837608,78.65191475882249,5258.027516856551,88.62177751837608,78.65191475882249
366,1,1,67.62258234570487,88.97403175583392,5102.758259754066,67.62258234570487,88.97403175583392
367,1,1,82.03277696098108,51.132155697336295,5192.392793226331,82.03277696098108,51.132155697336295
368,1,1,58.3452389443626,28.318197023362437,4736.63886067174,58.3452389443626,28.318197023362437
369,1,1,58.03528723043,22.94510238912798,5048.246261571109,58.03528723043,22.94510238912798
370,1,1,33.63702511294663,55.39789357436917,4905.64172542851,33.63702511294663,55.39789357436917
371,1,1,87.91545133961144,75.19801062423835,4831.259295267341,87.91545133961144,75.19801062423835
372,1,1,56.4891859350336,55.42655278423165,4987.904987101639,56.4891859350336,55.42655278423165
373,1,1,32.9248450411794,33.692155734748994,4736.270219921795,32.9248450411794,33.692155734748994
374,1,1,21.38907800767395,52.89584106794864,4858.616595562176,21.38907800767395,52.89584106794864
375,1,1,61.93480075421898,40.80390335107716,4954.026934178618,61.93480075421898,40.80390335107716
376,1,1,49.51263195824032,14.039291482544623,5067.184838075804,49.51263195824032,14.039291482544623
377,1,1,43.62096574351725,29.287006509059076,4824.703839572022,43.62096574351725,29.287006509059076
378,1,1,80.24696224813196,77.9893545264023,4970.784492768535,80.24696224813196,77.9893545264023
379,1,1,57.43638446621125,13.438250538165196,5142.172637203615,57.43638446621125,13.438250538165196
380,1,1,80.33708165797604,93.77269051102856,4948.263132215643,80.33708165797604,93.77269051102856
381,1,1,60.11309288266661,69.53718917315574,5192.007647713691,60.11309288266661,69.53718917315574
382,1,1,11.025070127969752,72.68564651292002,5257.480625217176,11.025070127969752,72.68564651292002
383,1,1,37.10431178069008,62.04068075525623,5338.849287380067,37.10431178069008,62.04068075525623
384,1,1,42.75094658457992,84.9946874525882,4881.4064130915,42.75094658457992,84.9946874525882
385,1,1,61.79945570479929,95.55345693380119,4951.198907714941,61.79945570479929,95.55345693380119
386,1,1,75.03505523510046,28.405390482351624,5092.634222585286,75.03505523510046,28.405390482351624
387,1,1,36.00433149918244,17.762425417356845,4978.94753599639,36.00433149918244,17.762425417356845
388,1,1,64.25267790400835,98.73924149535934,4746.870010790479,64.25267790400835,98.73924149535934
389,1,1,69.48764385847082,39.06109617201109,5295.92679550339,69.48764385847082,39.06109617201109
390,1,1,93.9381145607051,64.44550118329337,4993.649901422558,93.9381145607051,64.44550118329337
391,1,1,60.68139345028422,10.51935951636712,4760.331389248713,60.68139345028422,10.51935951636712
392,1,1,12.1113119549039,39.64749916369986,4917.921991150037,12.1113119549039,39.64749916369986
393,1,1,11.69927907186112,19.04773228226523,5245.864620313531,11.69927907186112,19.04773228226523
394,1,1,31.797630281182798,25.21519742203352,5140.187401481241,31.797630281182798,25.21519742203352
395,1,1,36.12553095832843,58.70692502713219,5079.416149402025,36.12553095832843,58.70692502713219
396,1,1,86.18810438110647,55.46491403704592,4782.774423019187,86.18810438110647,55.46491403704592
397,1,1,28.869482990053037,89.6207486458015,4851.015661976094,28.869482990053037,89.6207486458015
398,1,1,85.90850161381444,78.55684358225643,5246.543059885275,85.90850161381444,78.55684358225643
399,1,1,35.636740894955224,55.46476164639833,5173.58306501281,35.636740894955224,55.46476164639833
400,1,1,51.592642594291064,59.42296137173061,5050.000000701696,51.592642594291064,59.42296137173061
401,1,1,24.16406633819808,70.38772385372064,4943.625747871336,24.16406633819808,70.38772385372064
402,1,1,73.10270182452192,36.1578672375878,5059.416865678437,73.10270182452192,36.1578672375878
403,1,1,44.21754981776598,88.41446658551054,4845.4402141759565,44.21754981776598,88.41446658551054
404,1,1,10.506818147324836,26.768509886668017,5101.071375861265,10.506818147324836,26.768509886668017
405,1,1,17.96700836932556,64.80991999467356,4899.958074229337,17.96700836932556,64.80991999467356
406,1,1,90.17417183595649,18.50161832209782,4901.15363511433,90.17417183595649,18.50161832209782
407,1,1,20.41077012833049,95.16380437027738,5099.365389234445,20.41077012833049,95.16380437027738
408,1,1,15.53551628127747,14.620093419130981,4973.30084472437,15.53551628127747,14.620093419130981
409,1,1,54.79809072462067,40.88039647753085,4929.758735767759,54.79809072462067,40.88039647753085
410,1,1,44.779901583773565,39.72647579213207,4917.395720523732,44.779901583773565,39.72647579213207
411,1,1,43.87487839610278,70.50366459393095,5020.349577262489,43.87487839610278,70.50366459393095
412,1,1,50.97865690557356,72.82669046307839,5088.04202623176,50.97865690557356,72.82669046307839
413,1,1,97.04918861274416,49.47898432153371,5135.447887888749,97.04918861274416,49.47898432153371
414,1,1,26.923698332990718,87.36989928998277,4748.137345936674,26.923698332990718,87.36989928998277
415,1,1,22.454070628772655,77.33456191258266,5186.6253880554,22.454070628772655,77.33456191258266
416,1,1,31.844348811872486,99.25057475485103,4890.297830392137,31.844348811872486,99.25057475485103
417,1,1,42.871978145383466,45.35070816958344,5046.5810233100065,42.871978145383466,45.35070816958344
418,1,1,60.38948490192854,81.07062524134801,4898.763737613824,60.38948490192854,81.07062524134801
419,1,1,54.45884621291421,81.24760649647567,5324.852862509323,54.45884621291421,81.24760649647567
420,1,1,68.13563780008406,97.56049504489255,5325.857395393721,68.13563780008406,97.56049504489255
421,1,1,63.91893925924772,18.003657047952146,4979.930048812275,63.91893925924772,18.003657047952146
422,1,1,75.66459843118083,19.021723324083226,5106.668622167518,75.66459843118083,19.021723324083226
423,1,1,12.658777175034395,49.05417246682364,5082.26787950032,12.658777175034395,49.05417246682364
424,1,1,56.11856962389907,70.54422503503926,5068.072800099204,56.11856962389907,70.54422503503926
425,1,1,77.46631769341214,22.22975351148348,4834.990351532837,77.46631769341214,22.22975351148348
426,1,1,21.215278693676908,87.18903894176447,4984.926601440817,21.215278693676908,87.18903894176447
427,1,1,55.28884750763888,11.267169695460161,4965.669531329213,55.28884750763888,11.267169695460161
428,1,1,91.3390535259196,46.886290580651504,5170.021016353501,91.3390535259196,46.886290580651504
429,1,1,98.4650429458199,34.67225504727445,4966.203575108026,98.4650429458199,34.67225504727445
430,1,1,63.02068623822129,74.87346848274241,5141.600587146851,63.02068623822129,74.87346848274241
431,1,1,11.845982738835206,32.44382091963029,5040.594779941693,11.845982738835206,32.44382091963029
432,1,1,80.55327512276989,56.73520741557442,5071.310916357947,80.55327512276989,56.73520741557442
433,1,1,54.83356482260335,51.186868709065756,4857.257272604836,54.83356482260335,51.186868709065756
434,1,1,11.671364688858898,89.97784024266596,5118.2411981587975,11.671364688858898,89.97784024266596
435,1,1,91.57187899860816,80.5655601845631,4812.119142580315,91.57187899860816,80.5655601845631
436,1,1,79.57811274554008,39.94056878772915,5166.778649271586,79.57811274554008,39.94056878772915
437,1,1,70.21720151760549,94.81010454415333,4700.489713958698,70.21720151760549,94.81010454415333
438,1,1,57.013593757012096,10.649795230334597,5042.371986708533,57.013593757012096,10.649795230334597
439,1,1,73.50362107988428,27.17285423016764,4797.853513744307,73.50362107988428,27.17285423016764
440,1,1,21.38900128420673,60.90803941463098,4951.7496780438205,21.38900128420673,60.90803941463098
441,1,1,89.21182180902775,89.89781584725877,4941.155612609402,89.21182180902775,89.89781584725877
442,1,1,90.40991188386386,27.473742695669415,4948.746323557636,90.40991188386386,27.473742695669415
443,1,1,81.43456832066911,80.66825811215425,4901.620465133337,81.43456832066911,80.66825811215425
444,1,1,35.84370370938658,55.066141552977854,5091.891514131761,35.84370370938658,55.066141552977854
445,1,1,55.455202024336785,57.27254183474394,4948.832428097672,55.455202024336785,57.27254183474394
446,1,1,79.25368485840283,32.03105671264824,4866.534677870181,79.25368485840283,32.03105671264824
447,1,1,20.942861458017422,60.045160167231536,4920.801310563274,20.942861458017422,60.045160167231536
448,1,1,95.77999767537374,14.872096756208869,5099.761381082695,95.77999767537374,14.872096756208869
449,1,1,61.814737479808386,62.50476090949732,5008.223581081121,61.814737479808386,62.50476090949732
450,1,1,52.5052867895921,59.84524742519986,4997.993245093927,52.5052867895921,59.84524742519986
451,1,1,69.51735660581801,92.01305366508593,4834.543803644728,69.51735660581801,92.01305366508593
452,1,1,96.60623875053281,68.82426572817039,5028.838968634371,96.60623875053281,68.82426572817039
453,1,1,52.76779475112545,95.06057566082914,5029.233137626155,52.76779475112545,95.06057566082914
454,1,1,28.413425286259823,26.335716545934595,5011.6169565853725,28.413425286259823,26.335716545934595
455,1,1,95.95887005491174,27.371348686512874,5019.704319805118,95.95887005491174,27.371348686512874
456,1,1,11.003912858064744,31.80931572216893,4921.895672695689,11.003912858064744,31.80931572216893
457,1,1,79.85366776950606,53.776818909197786,4917.702160257444,79.85366776950606,53.776818909197786
458,1,1,40.5178851936412,73.89058900433082,4909.564172197525,40.5178851936412,73.89058900433082
459,1,1,81.47464379538486,28.2220787886175,5000.382514592322,81.47464379538486,28.2220787886175
460,1,1,41.60953176746392,85.35159995639134,5026.484897353611,41.60953176746392,85.35159995639134
461,1,1,12.306902489598032,93.22727282779255,5010.159645948884,12.306902489598032,93.22727282779255
462,1,1,94.40444862931449,14.826555133430425,5026.061496321948,94.40444862931449,14.826555133430425
463,1,1,15.925794805778919,65.9950231756247,4797.603367935517,15.925794805778919,65.9950231756247
464,1,1,15.955184955266276,29.43443836181216,5043.176772705482,15.955184955266276,29.43443836181216
465,1,1,64.83003964924191,34.74175037340167,5086.713264067023,64.83003964924191,34.74175037340167
466,1,1,40.554452355394844,71.21426920829907,4854.03032301251,40.554452355394844,71.21426920829907
467,1,1,32.19556804216066,70.15246319056547,4955.508135364129,32.19556804216066,70.15246319056547
468,1,1,88.33697457024702,42.35005235640153,5149.201469396574,88.33697457024702,42.35005235640153
469,1,1,45.80907287296316,95.77145584363984,4995.679470019524,45.80907287296316,95.77145584363984
470,1,1,46.56907286610213,25.01544109787512,4943.413731436308,46.56907286610213,25.01544109787512
471,1,1,43.14365108847219,14.099514036881725,5036.603605448336,43.14365108847219,14.099514036881725
472,1,1,73.01688047474109,84.36422348763229,4961.200399530504,73.01688047474109,84.36422348763229
473,1,1,93.53951160828349,57.59246963410897,4953.111375632055,93.53951160828349,57.59246963410897
474,1,1,71.93569930500371,98.73768859169675,4962.616364346243,71.93569930500371,98.73768859169675
475,1,1,39.61862922832836,58.05608922414405,4891.6394268895665,39.61862922832836,58.05608922414405
476,1,1,35.50579251135345,67.6081356927553,4918.875184940855,35.50579251135345,67.6081356927553
477,1,1,12.232839703830923,44.539653732006144,5054.401441036201,12.232839703830923,44.539653732006144
478,1,1,34.03548462154242,49.612978588414315,5016.928604339994,34.03548462154242,49.612978588414315
479,1,1,52.69353759771571,41.602932150113084,5122.643714446294,52.69353759771571,41.602932150113084
480,1,1,93.94137121244519,33.804358601273066,5077.917787584353,93.94137121244519,33.804358601273066
481,1,1,62.89021463259343,38.614539673614054,5210.414321990941,62.89021463259343,38.614539673614054
482,1,1,42.0560680895579,95.2378792278,5280.115819525724,42.0560680895579,95.2378792278
483,1,1,45.868934292884425,25.2898007325958,5119.126187276756,45.868934292884425,25.2898007325958
484,1,1,47.770506294154146,98.32393938935753,4885.817677545972,47.770506294154146,98.32393938935753
485,1,1,13.99557384723943,83.57791743623086,4997.58521196602,13.99557384723943,83.57791743623086
486,1,1,55.53849962413571,45.87772016767456,4837.709257541387,55.53849962413571,45.87772016767456
487,1,1,10.698368350368204,52.77636789089575,5061.147293829724,10.698368350368204,52.77636789089575
488,1,1,11.59340005659135,87.55964558104192,5112.099666504155,11.59340005659135,87.55964558104192
489,1,1,15.27317989391219,29.393378450701714,4887.926807419101,15.27317989391219,29.393378450701714
490,1,1,47.41332204564361,80.82611294311373,5037.790362543535,47.41332204564361,80.82611294311373
491,1,1,76.60323504857593,66.4930372240666,4876.172097077842,76.60323504857593,66.4930372240666
492,1,1,55.829042672143835,95.05454980551431,4822.220687311641,55.829042672143835,95.05454980551431
493,1,1,10.353638927999603,54.591327361264995,5031.111746141657,10.353638927999603,54.591327361264995
494,1,1,47.27804988741791,14.01009684558879,5148.896630617512,47.27804988741791,14.01009684558879
495,1,1,41.629750612361505,25.03900789890705,4988.106484615335,41.629750612361505,25.03900789890705
496,1,1,53.35298542111069,46.059206359415796,5176.7637988258475,53.35298542111069,46.059206359415796
497,1,1,61.684334223137846,84.97512471377922,4887.479971515792,61.684334223137846,84.97512471377922
498,1,1,35.16349334709088,61.366936755998786,4835.941587068931,35.16349334709088,61.366936755998786
499,1,1,16.836425826842518,72.58664337303752,4895.516218047712,16.836425826842518,72.58664337303752
500,1,1,39.00999806204263,49.41979731059987,5129.148733045394,39.00999806204263,49.41979731059987
501,1,1,60.87600639585839,32.382262852402164,5244.132461942487,60.87600639585839,32.382262852402164
502,1,1,83.63908012334169,10.508689435706625,4880.869942079394,83.63908012334169,10.508689435706625
503,1,1,92.99181929764693,69.10504358110575,5176.336540052612,92.99181929764693,69.10504358110575
504,1,1,98.38360788318839,15.67302872497854,5093.720828561148,98.38360788318839,15.67302872497854
505,1,1,39.871565640774705,66.19824344659531,4959.615532165372,39.871565640774705,66.19824344659531
506,1,1,16.032527113377046,90.61472572732013,4874.335609250345,16.032527113377046,90.61472572732013
507,1,1,18.85937941008917,98.14784623098397,5089.404572986404,18.85937941008917,98.14784623098397
508,1,1,99.40355093441573,21.84136406910336,5048.026152706183,99.40355093441573,21.84136406910336
509,1,1,44.843985464858484,66.03344169064209,5014.309507352347,44.843985464858484,66.03344169064209
510,1,1,31.80968303083651,79.63114118313257,5028.740543177242,31.80968303083651,79.63114118313257
511,1,1,50.310221036001685,37.834199091297066,4734.145814025092,50.310221036001685,37.834199091297066
512,1,1,82.76142605294335,24.39467221302358,4994.369485248634,82.76142605294335,24.39467221302358
513,1,1,51.74025376248305,47.35703161070192,5122.40746803587,51.74025376248305,47.35703161070192
514,1,1,76.84577773869874,69.34591719148342,4981.006109566002,76.84577773869874,69.34591719148342
515,1,1,41.40954417717198,50.84679301165471,5045.094469332979,41.40954417717198,50.84679301165471
516,1,1,52.640502607704,68.36478377924837,5064.603158228057,52.640502607704,68.36478377924837
517,1,1,87.47695252391038,77.78920948649895,4742.60493953846,87.47695252391038,77.78920948649895
518,1,1,55.92363815985843,49.04059619866354,5190.579824560345,55.92363815985843,49.04059619866354
519,1,1,41.66442073781303,30.933517326746536,5023.120323417761,41.66442073781303,30.933517326746536
520,1,1,20.018288932979516,29.091285884974592,5007.962794970721,20.018288932979516,29.091285884974592
521,1,1,78.70516105972237,18.978670363432016,4926.015491707113,78.70516105972237,18.978670363432016
522,1,1,36.26408688165706,78.86003593958648,4826.935247571875,36.26408688165706,78.86003593958648
523,1,1,91.93699806203045,34.6591540425331,5073.382191824317,91.93699806203045,34.6591540425331
524,1,1,80.53326898848778,20.13464341353806,4923.3485134405,80.53326898848778,20.13464341353806
525,1,1,15.781172325167878,27.464849222104448,5115.380603403345,15.781172325167878,27.464849222104448
526,1,1,35.33984764553762,85.68000790403364,5130.83908922197,35.33984764553762,85.68000790403364
527,1,1,78.01389302431535,50.62024294653598,5049.999569117951,78.01389302431535,50.62024294653598
528,1,1,80.28769606462471,43.00004600871698,4880.483037130182,80.28769606462471,43.00004600871698
529,1,1,84.95641374322983,65.29690083854493,4983.340160596355,84.95641374322983,65.29690083854493
530,1,1,29.58992884593444,22.302556704013266,4898.164293345291,29.58992884593444,22.302556704013266
531,1,1,45.40919404931742,15.772172701364493,5085.84675881292,45.40919404931742,15.772172701364493
532,1,1,38.92170752337028,99.0608327414026,4961.0666006376,38.92170752337028,99.0608327414026
533,1,1,14.832746914543685,38.206500532710066,5031.997143302347,14.832746914543685,38.206500532710066
534,1,1,65.18097763674038,57.79028167686663,4842.716921329089,65.18097763674038,57.79028167686663
535,1,1,13.141527316579836,58.74773570497478,4895.70329846311,13.141527316579836,58.74773570497478
536,1,1,34.96382319999712,52.83032597465416,5228.897141945736,34.96382319999712,52.83032597465416
537,1,1,42.288541071952395,92.31985966813744,5198.643412704557,42.288541071952395,92.31985966813744
538,1,1,72.405550233854,92.53410311390284,4937.034707896319,72.405550233854,92.53410311390284
539,1,1,38.912965607252126,19.271727499798548,4925.3273673693575,38.912965607252126,19.271727499798548
540,1,1,63.23759176198357,76.06576315207971,5224.315606049026,63.23759176198357,76.06576315207971
541,1,1,69.57014992308103,59.538734915240845,5015.441150230136,69.57014992308103,59.538734915240845
542,1,1,30.9745088672154,62.97793027444555,4789.753902001824,30.9745088672154,62.97793027444555
543,1,1,29.201191710411386,39.285138120511554,5044.864697967582,29.201191710411386,39.285138120511554
544,1,1,71.2054925476153,90.75544049219697,5199.890405104592,71.2054925476153,90.75544049219697
545,1,1,72.66371277704798,14.754218003572303,5055.573999384141,72.66371277704798,14.754218003572303
546,1,1,41.72278974361295,25.618322767499514,4965.796548700841,41.72278974361295,25.618322767499514
547,1,1,30.255251096320485,46.969938057186155,5009.634826422686,30.255251096320485,46.969938057186155
548,1,1,74.14462026626947,89.37888316895167,5113.74531760757,74.14462026626947,89.37888316895167
549,1,1,25.06307776539862,98.06110049658555,4895.475643661978,25.06307776539862,98.06110049658555
550,1,1,15.036900153580632,55.58150068903719,4811.555881920823,15.036900153580632,55.58150068903719
551,1,1,60.22440780665388,15.095347582125108,4933.39546640251,60.22440780665388,15.095347582125108
552,1,1,66.1901973896085,31.38590958043784,4935.020731784347,66.1901973896085,31.38590958043784
553,1,1,72.36182364112727,88.08569795702192,4946.675045464245,72.36182364112727,88.08569795702192
554,1,1,95.79631567296609,70.78191643077933,5029.160630135984,95.79631567296609,70.78191643077933
555,1,1,95.82150014516428,85.56620462754047,5235.953140078251,95.82150014516428,85.56620462754047
556,1,1,92.32261691690931,70.69969642301817,5257.552837305588,92.32261691690931,70.69969642301817
557,1,1,27.331848761215632,42.048070637927225,4943.657465337156,27.331848761215632,42.048070637927225
558,1,1,96.29208588329631,28.541566386223845,4751.107481380666,96.29208588329631,28.541566386223845
559,1,1,94.98990121734624,64.96736454588785,5120.076654062936,94.98990121734624,64.96736454588785
560,1,1,29.743125855874307,76.0796505575982,4955.089336961698,29.743125855874307,76.0796505575982
561,1,1,41.06836279358058,26.73115404006403,5000.447825229098,41.06836279358058,26.73115404006403
562,1,1,48.421187859055344,98.37260060512727,5128.464843597441,48.421187859055344,98.37260060512727
563,1,1,23.345428410632437,73.1832101633928,5114.456725532293,23.345428410632437,73.1832101633928
564,1,1,62.30668084589022,96.28279672288586,5118.662062296915,62.30668084589022,96.28279672288586
565,1,1,36.23624725099181,31.09651699674331,4873.986686654946,36.23624725099181,31.09651699674331
566,1,1,26.790212097605412,67.27098837862803,4764.684906066567,26.790212097605412,67.27098837862803
567,1,1,26.44253314402445,38.01207273207372,5141.315827442164,26.44253314402445,38.01207273207372
568,1,1,88.10456519484393,67.98172607433838,5056.051656184889,88.10456519484393,67.98172607433838
569,1,1,51.21184662682438,61.04480916662836,5161.141479429681,51.21184662682438,61.04480916662836
570,1,1,33.98951084088583,41.03864053238888,4722.798864980998,33.98951084088583,41.03864053238888
571,1,1,33.62106726864013,39.57329467252494,5022.864320452532,33.62106726864013,39.57329467252494
572,1,1,80.60591221097978,63.654651811960974,5055.991341596618,80.60591221097978,63.654651811960974
573,1,1,18.274414232875387,71.73362986373976,5133.660463299398,18.274414232875387,71.73362986373976
574,1,1,24.779526240461134,15.038225637551774,4852.678401903729,24.779526240461134,15.038225637551774
575,1,1,21.626552602787456,87.16733619857207,5137.836505759297,21.626552602787456,87.16733619857207
576,1,1,14.740599864672742,90.02304657962068,4988.928616591401,14.740599864672742,90.02304657962068
577,1,1,64.09691191057533,60.05039873384918,4821.101458345531,64.09691191057533,60.05039873384918
578,1,1,59.950817782736614,31.910861077458918,4861.4378636504025,59.950817782736614,31.910861077458918
579,1,1,11.600662713623509,13.020326348252603,4763.177356190962,11.600662713623509,13.020326348252603
580,1,1,56.14628232567026,52.8085886006473,5116.611919399226,56.14628232567026,52.8085886006473
581,1,1,64.80143749270341,71.89957319909334,5132.178410889267,64.80143749270341,71.89957319909334
582,1,1,36.186258746616545,81.49170963229076,5005.487566640423,36.186258746616545,81.49170963229076
583,1,1,60.38569860255926,32.22248455979114,4860.594182952898,60.38569860255926,32.22248455979114
584,1,1,96.08749741702081,81.01665845935243,4859.474987881627,96.08749741702081,81.01665845935243
585,1,1,39.52931282576396,83.83105135427773,4981.295506968526,39.52931282576396,83.83105135427773
586,1,1,99.5968205437941,11.230988599417973,5122.967005487945,99.5968205437941,11.230988599417973
587,1,1,81.83646906173585,21.44837074040028,4811.181743703813,81.83646906173585,21.44837074040028
588,1,1,54.14135726417391,16.670725694736227,5068.766060152235,54.14135726417391,16.670725694736227
589,1,1,57.803016930819744,23.173834480134133,5030.980785237728,57.803016930819744,23.173834480134133
590,1,1,67.88607551829062,89.39911706355821,5128.260930120001,67.88607551829062,89.39911706355821
591,1,1,36.29591230438404,93.79257366498064,5228.842978103908,36.29591230438404,93.79257366498064
592,1,1,93.27967631871385,50.21508074679358,5100.617821704668,93.27967631871385,50.21508074679358
593,1,1,18.41431254255908,28.979005654661695,5025.83470356739,18.41431254255908,28.979005654661695
594,1,1,78.88167945276884,90.61022913741039,4822.897059006351,78.88167945276884,90.61022913741039
595,1,1,45.89529533557802,77.53500343816314,4976.678343368079,45.89529533557802,77.53500343816314
596,1,1,89.93601193405443,32.032966605481064,4959.115821142027,89.93601193405443,32.032966605481064
597,1,1,54.2746344348421,84.02824170221245,5027.605221286294,54.2746344348421,84.02824170221245
598,1,1,39.33811393919309,60.66833540637391,5029.589640128299,39.33811393919309,60.66833540637391
599,1,1,71.99798359830004,90.55294764446525,5132.600008975744,71.99798359830004,90.55294764446525
600,1,1,68.1409261852029,42.06234277788254,5183.832748831536,68.1409261852029,42.06234277788254
601,1,1,41.44826014244093,73.46700810256192,4757.178678570324,41.44826014244093,73.46700810256192
602,1,1,54.672793521967634,52.54362087726602,5022.333721902384,54.672793521967634,52.54362087726602
603,1,1,51.302487186886175,97.26148466529024,5113.354268296615,51.302487186886175,97.26148466529024
604,1,1,93.34066758429256,12.14254389325087,4984.1051753906395,93.34066758429256,12.14254389325087
605,1,1,93.57456966193176,97.83040041063089,4988.215910346129,93.57456966193176,97.83040041063089
606,1,1,75.67181252148747,28.84855475250402,4987.051513169117,75.67181252148747,28.84855475250402
607,1,1,50.451327386536704,72.04049399800745,4910.18950185486,50.451327386536704,72.04049399800745
608,1,1,79.83765178748993,74.73416553537533,5243.620388930953,79.83765178748993,74.73416553537533
609,1,1,26.77001287099666,42.749235426419496,4984.272581056458,26.77001287099666,42.749235426419496
610,1,1,36.83286740333263,23.422159706278403,5084.458056657122,36.83286740333263,23.422159706278403
611,1,1,82.55006358925644,49.40195781472962,5173.06312033138,82.55006358925644,49.40195781472962
612,1,1,74.75514895429893,49.7893371587001,5081.143465133802,74.75514895429893,49.7893371587001
613,1,1,27.552720861023893,20.28908027072127,5106.372834813345,27.552720861023893,20.28908027072127
614,1,1,88.30431969457527,77.16394551989846,4864.966617527413,88.30431969457527,77.16394551989846
615,1,1,94.07398094137058,78.14499628712677,4971.016436671776,94.07398094137058,78.14499628712677
616,1,1,15.39813449723648,53.91618758116739,5002.278874642139,15.39813449723648,53.91618758116739
617,1,1,37.69745649470382,21.378360443952523,5073.554522530038,37.69745649470382,21.378360443952523
618,1,1,40.788550518348316,40.17594853715235,5013.4406250538495,40.788550518348316,40.17594853715235
619,1,1,94.23766762396518,99.02858732182837,4940.5644073513195,94.23766762396518,99.02858732182837
620,1,1,79.98783127099202,54.34740065164039,4825.6839452668155,79.98783127099202,54.34740065164039
621,1,1,34.588315544520924,46.8087853360451,5121.418035567685,34.588315544520924,46.8087853360451
622,1,1,71.0265261089725,71.60899897281917,4988.719639819959,71.0265261089725,71.60899897281917
623,1,1,46.4613466003174,88.52684651615637,4947.519125521097,46.4613466003174,88.52684651615637
624,1,1,28.328377701094965,67.95981582674261,4879.0309575566125,28.328377701094965,67.95981582674261
625,1,1,41.91110390045357,32.60010581371055,5082.90917265806,41.91110390045357,32.60010581371055
626,1,1,57.412262697034286,58.348736145539974,4921.6215185212,57.412262697034286,58.348736145539974
627,1,1,33.86341019953096,11.520401956436661,5143.370358531896,33.86341019953096,11.520401956436661
628,1,1,96.89123605958231,82.835313793429,4921.444663855582,96.89123605958231,82.835313793429
629,1,1,45.410333790127225,21.866679067905725,5243.991136189678,45.410333790127225,21.866679067905725
630,1,1,81.83537223560607,80.79517550961117,4817.994188331696,81.83537223560607,80.79517550961117
631,1,1,75.87710545174409,13.855358907009858,4894.200211777789,75.87710545174409,13.855358907009858
632,1,1,95.19748544934573,92.84817081156648,4985.7504308950465,95.19748544934573,92.84817081156648
633,1,1,45.29150694881094,20.64916657028244,4925.080536868375,45.29150694881094,20.64916657028244
634,1,1,16.44855528083362,94.91531820699151,5090.890310185687,16.44855528083362,94.91531820699151
635,1,1,63.22083308187776,74.40753124602634,4806.121727252085,63.22083308187776,74.40753124602634
636,1,1,72.57964658073104,76.69963374667127,5026.878992867932,72.57964658073104,76.69963374667127
637,1,1,54.97032193561481,77.20720952613348,4897.749726907282,54.97032193561481,77.20720952613348
638,1,1,18.99432159117576,89.30703132048781,4986.3939218663545,18.99432159117576,89.30703132048781
639,1,1,74.52792109574894,62.434084310604945,4978.398331013324,74.52792109574894,62.434084310604945
640,1,1,22.663704774301685,95.06453114601072,4958.327493049042,22.663704774301685,95.06453114601072
641,1,1,63.58360298940042,40.84663722299613,5079.072849955274,63.58360298940042,40.84663722299613
642,1,1,91.30069123361152,10.763741087509871,5105.130159620202,91.30069123361152,10.763741087509871
643,1,1,33.9993692549381,98.63793463103585,4953.008969316081,33.9993692549381,98.63793463103585
644,1,1,50.44292844626356,54.387596780913626,4680.932480997406,50.44292844626356,54.387596780913626
645,1,1,29.2704619071642,59.66040055546932,4879.253634423558,29.2704619071642,59.66040055546932
646,1,1,87.4631829287935,18.784899840673674,5214.0380859297,87.4631829287935,18.784899840673674
647,1,1,52.626767993614855,95.91556343536486,4953.9927147320395,52.626767993614855,95.91556343536486
648,1,1,61.644166227004625,51.94031629177116,5061.409252590785,61.644166227004625,51.94031629177116
649,1,1,58.27873571105429,76.788333330242,5081.884752203816,58.27873571105429,76.788333330242
650,1,1,64.32417281991138,93.81022832610083,5027.400523454198,64.32417281991138,93.81022832610083
651,1,1,12.982011597388981,34.1540528749433,4899.098040314445,12.982011597388981,34.1540528749433
652,1,1,45.85399080934876,38.71858058856892,5020.277902112354,45.85399080934876,38.71858058856892
653,1,1,30.82929674170822,32.65700178542774,5118.187163082424,30.82929674170822,32.65700178542774
654,1,1,76.04928759463677,35.61898541442328,5009.284211273768,76.04928759463677,35.61898541442328
655,1,1,94.15397767516575,60.8677769059976,4917.5630703951965,94.15397767516575,60.8677769059976
656,1,1,49.43101123727769,42.302169189822756,4958.77521786927,49.43101123727769,42.302169189822756
657,1,1,76.67358921389038,85.28013066336516,4917.690800592343,76.67358921389038,85.28013066336516
658,1,1,45.10344498888746,82.87783456920974,5153.830725522252,45.10344498888746,82.87783456920974
659,1,1,51.865632699097446,17.785834204577277,4980.437021223849,51.865632699097446,17.785834204577277
660,1,1,58.13363484488298,63.66948445034758,4837.854462954285,58.13363484488298,63.66948445034758
661,1,1,56.34841633262253,38.96447573521719,4979.886882715426,56.34841633262253,38.96447573521719
662,1,1,28.709924973683002,45.69073451173728,4923.431137205742,28.709924973683002,45.69073451173728
663,1,1,71.28801362905872,59.73711236462745,5204.375895716427,71.28801362905872,59.73711236462745
664,1,1,97.98538307713778,71.0198213718326,4696.234703034081,97.98538307713778,71.0198213718326
665,1,1,75.61929552353885,32.67174388306793,5025.981654767205,75.61929552353885,32.67174388306793
666,1,1,91.99766184166437,83.17782677024377,4938.389385952035,91.99766184166437,83.17782677024377
667,1,1,65.96948453094397,54.642960094727336,4914.633111710602,65.96948453094397,54.642960094727336
668,1,1,78.31818652564243,80.58652343098538,4937.352857880871,78.31818652564243,80.58652343098538
669,1,1,18.60972277769575,13.412524966627,5160.510034567786,18.60972277769575,13.412524966627
670,1,1,30.381454338224938,90.79347038253223,4968.968610767363,30.381454338224938,90.79347038253223
671,1,1,24.146422444753618,28.941599542780306,5109.342452697532,24.146422444753618,28.941599542780306
672,1,1,15.838627405159652,27.30625509079718,5019.405756507285,15.838627405159652,27.30625509079718
673,1,1,94.72831046360918,90.26813839431934,5087.5744246596405,94.72831046360918,90.26813839431934
674,1,1,17.608900184211073,98.68102468185796,4944.597663446538,17.608900184211073,98.68102468185796
675,1,1,77.50756674537959,28.400619360927703,4866.100642766377,77.50756674537959,28.400619360927703
676,1,1,94.05587186157142,22.977051751553773,4966.681586964906,94.05587186157142,22.977051751553773
677,1,1,13.521902903547343,39.419091078878765,4947.8418293347,13.521902903547343,39.419091078878765
678,1,1,23.60646274035288,82.92728236001237,4857.251741163414,23.60646274035288,82.92728236001237
679,1,1,73.06586923269387,87.00621095582895,5156.519879620764,73.06586923269387,87.00621095582895
680,1,1,77.05721540459962,91.44791936035132,5070.095158500697,77.05721540459962,91.44791936035132
681,1,1,73.24291295355087,77.11761969858493,5068.299868958409,73.24291295355087,77.11761969858493
682,1,1,66.22655139158122,78.177429471956,5201.847906780916,66.22655139158122,78.177429471956
683,1,1,80.06215059236665,16.283467133700576,4801.844248658768,80.06215059236665,16.283467133700576
684,1,1,58.79529194011433,11.557011046687283,5016.177709601912,58.79529194011433,11.557011046687283
685,1,1,89.98549556965432,44.25095196524947,4984.442921285698,89.98549556965432,44.25095196524947
686,1,1,60.91551202098631,36.77621546024,5050.984881362187,60.91551202098631,36.77621546024
687,1,1,14.532669909405623,68.80059319769298,4820.8699494227685,14.532669909405623,68.80059319769298
688,1,1,73.90998027155918,15.058860207959995,5023.776369917855,73.90998027155918,15.058860207959995
689,1,1,39.23979458330968,56.53435192211199,4877.94680753355,39.23979458330968,56.53435192211199
690,1,1,18.72029450477513,31.23107800284595,4780.612246091105,18.72029450477513,31.23107800284595
691,1,1,81.08631176368127,25.44715156738357,5020.406953286521,81.08631176368127,25.44715156738357
692,1,1,55.2384401160054,69.0523339673818,4977.26749177623,55.2384401160054,69.0523339673818
693,1,1,31.817432129037744,63.50485291747827,4976.184351297496,31.817432129037744,63.50485291747827
694,1,1,42.39761663590025,11.44327600275812,4733.360097785237,42.39761663590025,11.44327600275812
695,1,1,68.90700421098478,32.89235849257437,4918.505980747077,68.90700421098478,32.89235849257437
696,1,1,41.06417177223821,11.583092459127213,4967.539142069866,41.06417177223821,11.583092459127213
697,1,1,39.01195840655586,68.68131538052182,5120.658048047556,39.01195840655586,68.68131538052182
698,1,1,36.17917590197975,74.39058672842114,4846.930382471864,36.17917590197975,74.39058672842114
699,1,1,86.2030651015361,24.22551702624844,5143.3089846859875,86.2030651015361,24.22551702624844
700,1,1,48.193909031249035,58.83933539229109,4926.2800949166085,48.193909031249035,58.83933539229109
701,1,1,37.184397894040615,74.25598809178464,4843.509717440818,37.184397894040615,74.25598809178464
702,1,1,25.993401507713266,80.84105766454977,5041.495491070819,25.993401507713266,80.84105766454977
703,1,1,12.365629510384636,50.555894313724814,5035.243609226131,12.365629510384636,50.555894313724814
704,1,1,99.68698647322051,36.89382113302757,5066.385641371994,99.68698647322051,36.89382113302757
705,1,1,13.901105793459319,42.7984130201726,5151.034342581517,13.901105793459319,42.7984130201726
706,1,1,41.1566776942275,57.33036717210998,4821.692011072032,41.1566776942275,57.33036717210998
707,1,1,54.02619653923326,18.637812702650166,5043.718476905998,54.02619653923326,18.637812702650166
708,1,1,60.87037430537476,10.534014707145083,5136.172479519326,60.87037430537476,10.534014707145083
709,1,1,12.597835551222769,45.55796701209695,5023.17458205847,12.597835551222769,45.55796701209695
710,1,1,86.63960053444305,14.999251013888141,5029.277551699945,86.63960053444305,14.999251013888141
711,1,1,65.85732569086835,78.62731093845782,5098.246762358182,65.85732569086835,78.62731093845782
712,1,1,82.7306879486789,65.08008438011814,5064.65127701987,82.7306879486789,65.08008438011814
713,1,1,87.03782743556292,90.51022025896445,5163.774357006788,87.03782743556292,90.51022025896445
714,1,1,97.2312397540398,73.52758548066306,5012.1122345042895,97.2312397540398,73.52758548066306
715,1,1,62.6420350244636,11.096879591056826,4940.809577305726,62.6420350244636,11.096879591056826
716,1,1,75.00845595645585,21.806659352871876,5032.0898965994675,75.00845595645585,21.806659352871876
717,1,1,34.169869558871156,48.82651333028068,5186.841375908663,34.169869558871156,48.82651333028068
718,1,1,58.547637347812035,48.457543891104095,5189.280949997611,58.547637347812035,48.457543891104095
719,1,1,90.78526075081467,13.415475721588372,5016.4687637184115,90.78526075081467,13.415475721588372
720,1,1,32.245927210954555,33.30839596887701,4844.207463297391,32.245927210954555,33.30839596887701
721,1,1,76.59381263233674,69.56394381901963,5065.7430225781,76.59381263233674,69.56394381901963
722,1,1,95.87242714454283,86.56576161274336,5146.730252545838,95.87242714454283,86.56576161274336
723,1,1,90.45007864499723,87.91967101204679,4745.194184389728,90.45007864499723,87.91967101204679
724,1,1,69.52618298069048,39.238738038935985,5050.760638734304,69.52618298069048,39.238738038935985
725,1,1,57.35645290943743,22.33564263767616,4893.822816285462,57.35645290943743,22.33564263767616
726,1,1,65.38651096849937,38.94255463262186,4747.008548627132,65.38651096849937,38.94255463262186
727,1,1,96.60376702316547,37.051939724861995,4896.7766093431865,96.60376702316547,37.051939724861995
728,1,1,68.58717147167229,45.85197897693182,4979.93922245893,68.58717147167229,45.85197897693182
729,1,1,65.4561173446307,31.911072199479783,5222.674964575107,65.4561173446307,31.911072199479783
730,1,1,72.72930984385945,36.498770015450894,5140.511986837703,72.72930984385945,36.498770015450894
731,1,1,30.008638829280365,29.16333554343411,5074.947328476719,30.008638829280365,29.16333554343411
732,1,1,76.64665282142043,84.92539600291191,5168.693289229218,76.64665282142043,84.92539600291191
733,1,1,62.45974013924959,65.05641152582245,5113.595434765545,62.45974013924959,65.05641152582245
734,1,1,12.07475051006891,97.2460101309568,5041.784433259565,12.07475051006891,97.2460101309568
735,1,1,56.41624939729329,77.15033714829127,4963.321074710836,56.41624939729329,77.15033714829127
736,1,1,88.75530677520486,83.58244190644024,5143.62683700655,88.75530677520486,83.58244190644024
737,1,1,44.66125638273,10.319409267829418,4955.776158607211,44.66125638273,10.319409267829418
738,1,1,67.0576067596398,20.318302271995883,4931.331238599833,67.0576067596398,20.318302271995883
739,1,1,10.641701819890546,71.35286230745511,5099.958064418447,10.641701819890546,71.35286230745511
740,1,1,46.721275029844186,98.36272204460442,5047.04857023615,46.721275029844186,98.36272204460442
741,1,1,58.15262914919055,66.54639056333974,4974.634505433221,58.15262914919055,66.54639056333974
742,1,1,98.42408486146556,24.10339130163533,4776.8820038510175,98.42408486146556,24.10339130163533
743,1,1,98.69674212125788,43.040419060648176,4914.080695705214,98.69674212125788,43.040419060648176
744,1,1,53.19331201039546,64.42388144986528,4783.033257881547,53.19331201039546,64.42388144986528
745,1,1,76.54025763064007,58.6992624808736,4995.285256279301,76.54025763064007,58.6992624808736
746,1,1,56.67816604795023,80.11857302316963,5060.076401906074,56.67816604795023,80.11857302316963
747,1,1,72.1650604806072,96.41695870089328,5160.044002604642,72.1650604806072,96.41695870089328
748,1,1,19.50553407355624,75.90162251853002,5002.573772154335,19.50553407355624,75.90162251853002
749,1,1,39.453163632969776,69.23776673920301,5002.503417475504,39.453163632969776,69.23776673920301
750,1,1,95.41873800355837,99.07508192992434,4950.0379386455015,95.41873800355837,99.07508192992434
751,1,1,41.0465876283309,19.432359058563012,5025.979797920509,41.0465876283309,19.432359058563012
752,1,1,61.321549820122065,61.15250641921971,5043.489509765111,61.321549820122065,61.15250641921971
753,1,1,91.54175101988393,42.38488288833028,5018.5071767363515,91.54175101988393,42.38488288833028
754,1,1,40.86003966364504,39.401029342856106,4833.824362084365,40.86003966364504,39.401029342856106
755,1,1,69.22833048457011,48.943580432383335,4934.74571376978,69.22833048457011,48.943580432383335
756,1,1,75.238345514266,65.08035075983011,4903.43642420098,75.238345514266,65.08035075983011
757,1,1,48.61654907095029,11.585485642699657,4902.1416862128135,48.61654907095029,11.585485642699657
758,1,1,28.746795077622256,73.62972672673763,5072.496521379201,28.746795077622256,73.62972672673763
759,1,1,29.5986356694116,25.896108342213232,5171.593708281109,29.5986356694116,25.896108342213232
760,1,1,77.17770457636048,99.29362917070434,4947.070427102591,77.17770457636048,99.29362917070434
761,1,1,54.203785687940545,47.73132473476241,5112.638972632772,54.203785687940545,47.73132473476241
762,1,1,15.130593518472313,44.27053611328987,5043.370037110561,15.130593518472313,44.27053611328987
763,1,1,43.09205702827178,80.37948569599543,5132.267014070928,43.09205702827178,80.37948569599543
764,1,1,48.5321360239985,33.72170393812455,4765.370105671212,48.5321360239985,33.72170393812455
765,1,1,14.279284799304715,67.70934912115223,5012.5953528627,14.279284799304715,67.70934912115223
766,1,1,11.649355169067878,59.07281016357733,4950.845448854644,11.649355169067878,59.07281016357733
767,1,1,69.73256250211445,99.16859399854417,5068.929567271944,69.73256250211445,99.16859399854417
768,1,1,73.04562961109923,32.777596289928425,5018.095686389705,73.04562961109923,32.777596289928425
769,1,1,90.01779249941791,48.29784803207949,4827.122773906941,90.01779249941791,48.29784803207949
770,1,1,44.9004841701741,31.58017649596427,5159.810650931459,44.9004841701741,31.58017649596427
771,1,1,55.546650862003915,17.66926782115938,5003.397145959058,55.546650862003915,17.66926782115938
772,1,1,43.02060956788375,77.3895989639627,4672.860860321099,43.02060956788375,77.3895989639627
773,1,1,38.70331438887005,48.895052965658735,5132.13042739567,38.70331438887005,48.895052965658735
774,1,1,88.94428374430477,19.682083244247643,5149.516714636388,88.94428374430477,19.682083244247643
775,1,1,61.46881448238565,74.93225840843384,5181.421932633798,61.46881448238565,74.93225840843384
776,1,1,76.05340512692378,79.65825366402194,4837.885923341002,76.05340512692378,79.65825366402194
777,1,1,18.866356612168044,60.459116815061364,4967.304097096683,18.866356612168044,60.459116815061364
778,1,1,66.62018291323872,80.40061004249111,4858.070961371179,66.62018291323872,80.40061004249111
779,1,1,15.33236071597548,96.18439340045538,5055.796780594817,15.33236071597548,96.18439340045538
780,1,1,31.34509131687368,72.32009331173921,5061.476800135995,31.34509131687368,72.32009331173921
781,1,1,44.577023684858204,58.96110622267988,4918.425261333564,44.577023684858204,58.96110622267988
782,1,1,94.75253483514935,38.80043971852133,4936.872841156853,94.75253483514935,38.80043971852133
783,1,1,76.26138370436061,75.89958040475751,4971.141986100258,76.26138370436061,75.89958040475751
784,1,1,63.76590020684377,71.79228352191589,5017.563613035701,63.76590020684377,71.79228352191589
785,1,1,27.300880407435752,50.496361873174855,5025.53998549854,27.300880407435752,50.496361873174855
786,1,1,43.549934121035804,31.842495861016115,5020.628157804839,43.549934121035804,31.842495861016115
787,1,1,79.65647198408892,50.83740585437963,5276.005755942943,79.65647198408892,50.83740585437963
788,1,1,74.5569236518781,45.57596149626488,5141.879607137717,74.5569236518781,45.57596149626488
789,1,1,24.43231950435102,90.50188413835815,5128.587339486237,24.43231950435102,90.50188413835815
790,1,1,22.495747829318674,89.30914592189623,4890.020086737377,22.495747829318674,89.30914592189623
791,1,1,20.23687174723519,84.61617815944817,4913.382096231617,20.23687174723519,84.61617815944817
792,1,1,39.263270160803515,66.94436118708924,4903.378320729173,39.263270160803515,66.94436118708924
793,1,1,96.359807286991,75.94171222571211,4973.41378321186,96.359807286991,75.94171222571211
794,1,1,32.173425876518365,55.660917908999465,5160.186924906677,32.173425876518365,55.660917908999465
795,1,1,29.46879721170748,55.52498616909421,5127.103861126607,29.46879721170748,55.52498616909421
796,1,1,33.342923905074535,76.89839442897441,5107.293904125674,33.342923905074535,76.89839442897441
797,1,1,32.61816628528993,92.95797205242037,5002.400427620693,32.61816628528993,92.95797205242037
798,1,1,79.46363908923767,29.567515082973102,4948.947518733586,79.46363908923767,29.567515082973102
799,1,1,38.096489513935985,77.12039422011446,5079.149397333989,38.096489513935985,77.12039422011446
800,1,1,88.66986649463357,98.0199814205161,5041.2687436739925,88.66986649463357,98.0199814205161
801,1,1,95.85153994845568,35.07064421047619,5115.271682063386,95.85153994845568,35.07064421047619
802,1,1,68.22455041725746,88.26552986048823,5124.5578269266225,68.22455041725746,88.26552986048823
803,1,1,12.075704829750428,41.212665938611345,4931.4504015236025,12.075704829750428,41.212665938611345
804,1,1,20.238554953978895,52.927110198635006,5232.198859581208,20.238554953978895,52.927110198635006
805,1,1,54.54390919053125,99.52211169680726,4906.491024459791,54.54390919053125,99.52211169680726
806,1,1,13.04394775472793,50.275062785570604,5034.386684617969,13.04394775472793,50.275062785570604
807,1,1,44.995286534266,86.58377446899169,4880.003435106995,44.995286534266,86.58377446899169
808,1,1,21.08726992385472,43.66946214606758,5030.072594715824,21.08726992385472,43.66946214606758
809,1,1,75.35630098000138,71.40584095873278,5102.496705293348,75.35630098000138,71.40584095873278
810,1,1,73.54368855623514,60.92277707675568,4792.0387527254525,73.54368855623514,60.92277707675568
811,1,1,90.84426846704598,50.314781015414745,4880.018712222964,90.84426846704598,50.314781015414745
812,1,1,61.942135138233176,33.84826956251948,4939.95504093858,61.942135138233176,33.84826956251948
813,1,1,42.391713474430595,51.75518875498118,4898.224415326828,42.391713474430595,51.75518875498118
814,1,1,36.05227198052826,90.1140726316055,4967.955544643357,36.05227198052826,90.1140726316055
815,1,1,16.189354177403303,81.28952014734622,5056.443436404938,16.189354177403303,81.28952014734622
816,1,1,71.5305269565556,98.14382376998091,5038.907712458438,71.5305269565556,98.14382376998091
817,1,1,28.55483601680864,99.27607337228368,4895.025324081413,28.55483601680864,99.27607337228368
818,1,1,82.07980934312614,46.64735647172682,5063.329556863625,82.07980934312614,46.64735647172682
819,1,1,47.48413711321629,96.89418445940063,5210.718023996746,47.48413711321629,96.89418445940063
820,1,1,38.169026424448845,24.452818365081324,5208.6558677970625,38.169026424448845,24.452818365081324
821,1,1,17.9283565640698,87.35757590017508,5107.083139983676,17.9283565640698,87.35757590017508
822,1,1,76.32816361490364,90.71904176469529,5041.76578091728,76.32816361490364,90.71904176469529
823,1,1,63.02258342899512,11.14545535209285,5013.016673502668,63.02258342899512,11.14545535209285
824,1,1,79.98175243351452,34.436491995976425,5070.425545056007,79.98175243351452,34.436491995976425
825,1,1,88.87676397215338,21.236633058995594,4613.213843863577,88.87676397215338,21.236633058995594
826,1,1,31.16532152121506,48.766777739316574,4929.830407809507,31.16532152121506,48.766777739316574
827,1,1,86.72502194915309,35.386086208984906,4969.772760933877,86.72502194915309,35.386086208984906
828,1,1,46.31387277524545,31.807511529977923,5120.784842404334,46.31387277524545,31.807511529977923
829,1,1,47.21421623443121,42.53999462832354,5111.01966521793,47.21421623443121,42.53999462832354
830,1,1,19.422061145528907,27.373254599288895,5094.166396472277,19.422061145528907,27.373254599288895
831,1,1,23.217143377618207,26.71831505855891,5090.311971180367,23.217143377618207,26.71831505855891
832,1,1,77.59634309632094,56.376589386830105,5226.831145915385,77.59634309632094,56.376589386830105
833,1,1,14.768091397233722,17.054958427323264,4994.4215471166945,14.768091397233722,17.054958427323264
834,1,1,47.4041320178201,19.015390648128992,5165.371663543193,47.4041320178201,19.015390648128992
835,1,1,36.74343868200925,53.41252748182656,4866.218069998198,36.74343868200925,53.41252748182656
836,1,1,28.26332971317894,48.54256302339129,5210.73376902769,28.26332971317894,48.54256302339129
837,1,1,68.18216683883945,71.83796248933336,5075.768712469809,68.18216683883945,71.83796248933336
838,1,1,12.186343305980227,84.20275416200519,4972.47380879574,12.186343305980227,84.20275416200519
839,1,1,74.00864446606204,43.98661721261302,4775.548347419711,74.00864446606204,43.98661721261302
840,1,1,74.32924226493336,97.76030563411533,5135.355179239549,74.32924226493336,97.76030563411533
841,1,1,34.78103651245997,11.587134614711173,5267.838879308023,34.78103651245997,11.587134614711173
842,1,1,32.28850886271442,79.42421698482049,4955.146703632056,32.28850886271442,79.42421698482049
843,1,1,33.5110780916456,39.23135837094841,5024.75982712895,33.5110780916456,39.23135837094841
844,1,1,15.814418327768884,57.68767817530098,4927.034919288822,15.814418327768884,57.68767817530098
845,1,1,22.503473192157653,42.97450530309266,4908.321854147845,22.503473192157653,42.97450530309266
846,1,1,21.741612527775352,15.600042584095846,4974.155699571341,21.741612527775352,15.600042584095846
847,1,1,15.683428171617711,63.400929146962454,5113.451476380846,15.683428171617711,63.400929146962454
848,1,1,56.973695752338415,95.75241270075468,4825.471358720476,56.973695752338415,95.75241270075468
849,1,1,59.49900839027952,88.20994671566224,5063.94444106525,59.49900839027952,88.20994671566224
850,1,1,49.89880058311721,25.50383329202094,4974.530060813197,49.89880058311721,25.50383329202094
851,1,1,39.48895269294786,38.78523309627704,5149.075775622165,39.48895269294786,38.78523309627704
852,1,1,56.445564012487935,91.92044793542026,4924.167007406179,56.445564012487935,91.92044793542026
853,1,1,47.79872186103552,23.769620801035703,5240.617564148382,47.79872186103552,23.769620801035703
854,1,1,75.50123398236072,46.86028596250795,5107.637248625834,75.50123398236072,46.86028596250795
855,1,1,17.03092877107698,42.16138224981332,5025.813203143229,17.03092877107698,42.16138224981332
856,1,1,82.42262065358493,25.646139804083752,5136.50692642985,82.42262065358493,25.646139804083752
857,1,1,70.72675546942794,80.4613729226104,4827.451269159492,70.72675546942794,80.4613729226104
858,1,1,67.7851432063666,69.8736631890214,4931.193515913848,67.7851432063666,69.8736631890214
859,1,1,84.98307734761828,42.97534000433248,4953.46020580369,84.98307734761828,42.97534000433248
860,1,1,94.39637229058799,80.122353111784,4916.4027201523595,94.39637229058799,80.122353111784
861,1,1,57.00343640761144,93.45360932142736,4786.596750678681,57.00343640761144,93.45360932142736
862,1,1,47.8459322268879,85.11361647654854,5058.799092751145,47.8459322268879,85.11361647654854
863,1,1,58.38676089431905,84.98717239920819,4856.394985048017,58.38676089431905,84.98717239920819
864,1,1,82.1212429565541,41.39115296788188,5156.959690717637,82.1212429565541,41.39115296788188
865,1,1,48.07949331486969,32.70764266827742,5047.390454133654,48.07949331486969,32.70764266827742
866,1,1,66.04239183579779,30.773055822395424,4826.463446064394,66.04239183579779,30.773055822395424
867,1,1,92.68157601489678,61.87642240918526,4916.077444544381,92.68157601489678,61.87642240918526
868,1,1,16.247526273112385,10.667827709258516,5002.407413628902,16.247526273112385,10.667827709258516
869,1,1,87.36108299300025,97.18780981985228,5166.704820232479,87.36108299300025,97.18780981985228
870,1,1,28.01943973760516,14.682686225486052,4966.151687877617,28.01943973760516,14.682686225486052
871,1,1,75.04666909944594,96.47975163024765,4955.977443985052,75.04666909944594,96.47975163024765
872,1,1,38.13222329737846,91.99663812158313,5215.7497502617925,38.13222329737846,91.99663812158313
873,1,1,16.382197970739195,40.00762013014149,4930.74445198899,16.382197970739195,40.00762013014149
874,1,1,42.5758664483406,38.28430883988303,5159.4714775947905,42.5758664483406,38.28430883988303
875,1,1,41.06863907517991,43.7020200217498,5006.089584924226,41.06863907517991,43.7020200217498
876,1,1,45.833435554089725,20.82939916577815,5095.178828007612,45.833435554089725,20.82939916577815
877,1,1,88.10451223582325,18.38903236973826,4849.808075657589,88.10451223582325,18.38903236973826
878,1,1,29.456679914080098,37.90000100903906,5212.965894337155,29.456679914080098,37.90000100903906
879,1,1,53.034882694902244,58.932672262762765,5022.682375867817,53.034882694902244,58.932672262762765
880,1,1,78.11800317620369,98.32692883311152,4976.189287774362,78.11800317620369,98.32692883311152
881,1,1,96.18726645985919,28.8521588624712,4899.2085976400485,96.18726645985919,28.8521588624712
882,1,1,46.29788991936203,52.37194734422272,4928.117725476579,46.29788991936203,52.37194734422272
883,1,1,93.8241747343858,83.94001304121932,4882.727518597345,93.8241747343858,83.94001304121932
884,1,1,74.88392935077202,80.41292156360437,5120.928677394258,74.88392935077202,80.41292156360437
885,1,1,53.11242630781604,37.15818015252077,4817.85341269738,53.11242630781604,37.15818015252077
886,1,1,33.37079100300543,64.98565924926496,5022.540156147163,33.37079100300543,64.98565924926496
887,1,1,11.22527325304908,39.24886686013775,4976.44789413641,11.22527325304908,39.24886686013775
888,1,1,87.45357022443562,94.20090041819977,5050.339773658728,87.45357022443562,94.20090041819977
889,1,1,14.364763200454437,35.55264618265501,5148.123055950039,14.364763200454437,35.55264618265501
890,1,1,56.80563176661521,97.35587611181612,5151.984195274873,56.80563176661521,97.35587611181612
891,1,1,36.46267643395939,43.444458937077066,4876.06971445048,36.46267643395939,43.444458937077066
892,1,1,95.23794922774255,16.72820620496023,4831.056568216971,95.23794922774255,16.72820620496023
893,1,1,37.812413135838824,85.96708609440114,4898.253525513686,37.812413135838824,85.96708609440114
894,1,1,96.40963352517058,59.69674980412625,5270.4970416626975,96.40963352517058,59.69674980412625
895,1,1,15.499637062203973,49.30630100151769,5059.167647923143,15.499637062203973,49.30630100151769
896,1,1,24.564579514146146,58.17154032232601,5260.909020224203,24.564579514146146,58.17154032232601
897,1,1,95.3545983645355,11.236945122186148,5247.909081990095,95.3545983645355,11.236945122186148
898,1,1,60.62705592441221,73.01166062103576,4810.256108519594,60.62705592441221,73.01166062103576
899,1,1,23.865471435748084,85.59135591009091,4980.523864727262,23.865471435748084,85.59135591009091
900,1,1,11.947662097712621,63.46114308172756,5029.819758829944,11.947662097712621,63.46114308172756
901,1,1,32.55055809111825,95.84505746874625,4866.122554683564,32.55055809111825,95.84505746874625
902,1,1,81.00297391726929,10.541983633156573,4951.279732985446,81.00297391726929,10.541983633156573
903,1,1,54.864120433097284,26.858675773171928,5148.84108112248,54.864120433097284,26.858675773171928
904,1,1,96.10913954933652,37.932703829567146,4948.633115428267,96.10913954933652,37.932703829567146
905,1,1,99.04281782966765,64.95778599685998,5174.887184907927,99.04281782966765,64.95778599685998
906,1,1,55.09632886365494,69.3055762304902,4853.619870042273,55.09632886365494,69.3055762304902
907,1,1,15.642607499774567,88.74549923412522,4759.873357647093,15.642607499774567,88.74549923412522
908,1,1,25.205878167268303,77.62368388222096,5027.098909700561,25.205878167268303,77.62368388222096
909,1,1,36.21488426348009,97.53575169006757,5054.493290487417,36.21488426348009,97.53575169006757
910,1,1,60.24598717936752,46.92822648786441,4915.460517052829,60.24598717936752,46.92822648786441
911,1,1,89.25611643775201,75.58853124991452,5043.135773251885,89.25611643775201,75.58853124991452
912,1,1,38.64926917506405,33.10216064794568,5372.481814592144,38.64926917506405,33.10216064794568
913,1,1,84.40147245440536,10.224590824074623,4934.539308415388,84.40147245440536,10.224590824074623
914,1,1,14.310821932068235,81.98817440756898,5039.286164434839,14.310821932068235,81.98817440756898
915,1,1,49.62512537567068,35.26978665342189,4954.526933798767,49.62512537567068,35.26978665342189
916,1,1,52.335671755957506,48.699328602187606,5030.362817588906,52.335671755957506,48.699328602187606
917,1,1,86.5322294715583,98.2588772406285,4957.522353961463,86.5322294715583,98.2588772406285
918,1,1,84.57956240089776,88.11817951957728,5061.065017309251,84.57956240089776,88.11817951957728
919,1,1,17.41431268191505,70.3573971693801,4850.566285416811,17.41431268191505,70.3573971693801
920,1,1,41.618252873967016,90.18255525084128,5242.432943696265,41.618252873967016,90.18255525084128
921,1,1,14.849816358444755,98.38812857718592,4970.397769620393,14.849816358444755,98.38812857718592
922,1,1,25.7704761715327,79.16331063585754,5065.916259935084,25.7704761715327,79.16331063585754
923,1,1,36.34748426683058,98.56536151468701,4937.623966946277,36.34748426683058,98.56536151468701
924,1,1,99.77522531330774,79.7243480210072,5007.768863260716,99.77522531330774,79.7243480210072
925,1,1,70.2283604460189,20.945090346148092,5091.559566154762,70.2283604460189,20.945090346148092
926,1,1,99.87885267479899,95.00220575303865,4894.296439001325,99.87885267479899,95.00220575303865
927,1,1,51.85018117240236,36.605292418976134,5065.125487075613,51.85018117240236,36.605292418976134
928,1,1,56.89717264936149,99.14636039051913,5003.646803346012,56.89717264936149,99.14636039051913
929,1,1,23.095868108078896,49.27161915668703,5163.22207228594,23.095868108078896,49.27161915668703
930,1,1,83.60617987543871,14.928344749927605,5066.574560951758,83.60617987543871,14.928344749927605
931,1,1,10.027636753037994,71.90669665379383,4910.339628373042,10.027636753037994,71.90669665379383
932,1,1,92.22063002553726,71.34647485237991,5037.84297406313,92.22063002553726,71.34647485237991
933,1,1,63.06258589780153,64.34354970714445,5056.462525121992,63.06258589780153,64.34354970714445
934,1,1,66.7040248577218,52.66568117390569,4985.853668963742,66.7040248577218,52.66568117390569
935,1,1,56.823002615208445,57.591515062337386,5015.673871475842,56.823002615208445,57.591515062337386
936,1,1,52.15869464457256,92.43609359191102,5087.321935107752,52.15869464457256,92.43609359191102
937,1,1,27.86861825451046,10.312161331914583,4952.626990742726,27.86861825451046,10.312161331914583
938,1,1,48.23552782983434,34.24077997747794,4950.730237934241,48.23552782983434,34.24077997747794
939,1,1,49.81502053967111,82.2289212078901,4962.153181859308,49.81502053967111,82.2289212078901
940,1,1,97.43428508258924,41.42398613210666,4958.929185468381,97.43428508258924,41.42398613210666
941,1,1,23.943671816025095,58.22169815682497,4986.406122145798,23.943671816025095,58.22169815682497
942,1,1,32.28815053410899,26.64997277517815,5062.043301383812,32.28815053410899,26.64997277517815
943,1,1,22.401979483959167,76.81387445853741,5106.190248374265,22.401979483959167,76.81387445853741
944,1,1,93.0158224689258,73.81780132814646,5102.855259152045,93.0158224689258,73.81780132814646
945,1,1,94.59849568517438,59.07359145221716,5079.666630159024,94.59849568517438,59.07359145221716
946,1,1,20.378126996380715,24.331815460890343,4999.333678334235,20.378126996380715,24.331815460890343
947,1,1,98.65859710058179,31.174249406203614,4938.4181433483245,98.65859710058179,31.174249406203614
948,1,1,51.39180297596447,69.05580678697753,4798.535366797643,51.39180297596447,69.05580678697753
949,1,1,89.55302877651363,58.939957795589685,5137.896742349205,89.55302877651363,58.939957795589685
950,1,1,23.665910108074804,14.20840124300496,5030.239373040187,23.665910108074804,14.20840124300496
951,1,1,54.9700562603297,37.608923858765635,5185.565095731087,54.9700562603297,37.608923858765635
952,1,1,34.74631993572129,94.41896749498505,5177.782313572041,34.74631993572129,94.41896749498505
953,1,1,70.9962939622705,26.852225404485125,4881.816457500668,70.9962939622705,26.852225404485125
954,1,1,42.476493365142304,65.8497392735393,4959.322341078396,42.476493365142304,65.8497392735393
955,1,1,77.43636204979934,16.568444325785578,5158.544826437009,77.43636204979934,16.568444325785578
956,1,1,69.07274297209062,45.1430596473496,5085.892538250372,69.07274297209062,45.1430596473496
957,1,1,13.451414583286656,12.437528934538697,4984.668112461548,13.451414583286656,12.437528934538697
958,1,1,30.804923768852824,98.13699976756648,4785.13625549639,30.804923768852824,98.13699976756648
959,1,1,79.69243475634293,10.045899011434921,4800.727165034325,79.69243475634293,10.045899011434921
960,1,1,77.13683627304336,22.067449475948486,4790.519979431019,77.13683627304336,22.067449475948486
961,1,1,98.5878271776282,56.31515121139854,5106.632557006451,98.5878271776282,56.31515121139854
962,1,1,48.460275091904556,91.12993172643219,5091.171224391219,48.460275091904556,91.12993172643219
963,1,1,27.64167807743723,32.365209475204615,5032.697185508176,27.64167807743723,32.365209475204615
964,1,1,51.656028189217956,29.8902603092183,4985.651397295681,51.656028189217956,29.8902603092183
965,1,1,98.81109510130746,72.74300953693466,5042.324304139483,98.81109510130746,72.74300953693466
966,1,1,36.52590481990222,33.563940902271916,4950.91566830924,36.52590481990222,33.563940902271916
967,1,1,55.28746653210692,36.15959092134372,5122.3794781834395,55.28746653210692,36.15959092134372
968,1,1,32.19460873122121,76.54716004581654,5045.645079059396,32.19460873122121,76.54716004581654
969,1,1,74.25018667666292,12.712718595027523,5099.656537317504,74.25018667666292,12.712718595027523
970,1,1,49.20506720400015,64.84735932922892,5016.268882748198,49.20506720400015,64.84735932922892
971,1,1,68.83592501135291,36.615151445650724,4902.086405409367,68.83592501135291,36.615151445650724
972,1,1,84.65140845830996,90.89971784759307,4933.156149426136,84.65140845830996,90.89971784759307
973,1,1,39.143668110244754,62.703264269840886,5121.386042297775,39.143668110244754,62.703264269840886
974,1,1,38.863368402721235,96.56498496621877,4953.6561270240445,38.863368402721235,96.56498496621877
975,1,1,91.33569785922738,18.858688209040622,5016.440341259769,91.33569785922738,18.858688209040622
976,1,1,48.62109860036993,94.4982706518383,4974.46159892498,48.62109860036993,94.4982706518383
977,1,1,74.23372920468918,69.62715193453336,4908.31723860388,74.23372920468918,69.62715193453336
978,1,1,62.700146858788166,71.98202358380507,5100.141072988994,62.700146858788166,71.98202358380507
979,1,1,54.95159207556226,75.30899172794797,5323.673714673631,54.95159207556226,75.30899172794797
980,1,1,50.90171561573226,51.398048216013926,4928.867326144178,50.90171561573226,51.398048216013926
981,1,1,79.30102509120537,42.35244186604074,4937.263235625292,79.30102509120537,42.35244186604074
982,1,1,55.44529865110761,90.33538006801284,4816.497293904081,55.44529865110761,90.33538006801284
983,1,1,94.5322950587598,38.44717468115545,5079.928505274069,94.5322950587598,38.44717468115545
984,1,1,24.578463423684187,26.02265766448273,5220.425505739815,24.578463423684187,26.02265766448273
985,1,1,94.11090172364248,36.03738853936479,5117.971098099915,94.11090172364248,36.03738853936479
986,1,1,30.13950624227681,94.1832549464256,4975.308832816354,30.13950624227681,94.1832549464256
987,1,1,69.54503468575531,91.44957033750924,4991.34757400731,69.54503468575531,91.44957033750924
988,1,1,60.70500375371481,81.77688993862084,5002.205226091877,60.70500375371481,81.77688993862084
989,1,1,92.8619597052726,53.72410304361706,4892.987396570346,92.8619597052726,53.72410304361706
990,1,1,21.662395113693044,27.160172291905592,4897.0813077046705,21.662395113693044,27.160172291905592
991,1,1,80.76854302293359,24.39361347187053,4843.199867534062,80.76854302293359,24.39361347187053
992,1,1,62.64289852523467,17.755002406127353,4983.770459268824,62.64289852523467,17.755002406127353
993,1,1,57.85380969229472,83.79103869860124,4804.028456551278,57.85380969229472,83.79103869860124
994,1,1,14.632003465837217,57.443913062257046,5012.086337860853,14.632003465837217,57.443913062257046
995,1,1,15.060242424177389,95.31044404162076,4887.941320281225,15.060242424177389,95.31044404162076
996,1,1,37.92217822188495,17.148132966931882,4959.023086220081,37.92217822188495,17.148132966931882
997,1,1,98.62276505243946,29.409473206328745,5035.784777885236,98.62276505243946,29.409473206328745
998,1,1,52.58559322192184,87.16511526284633,5023.785363740302,52.58559322192184,87.16511526284633
999,1,1,61.599564335004715,97.07672690247166,4995.512337799986,61.599564335004715,97.07672690247166
1000,1,1,71.18964685944404,36.63314299563699,5049.94806915097,71.18964685944404,36.63314299563699
